,filepath,filename,LangOrInstru,VoiOrNot,startPoint,endPoint,FSkhz,expdur,maxsil,totalLengCur,corpus,mat_filename,speaker/artist,gender,corpus_type
0,data/speechCorp/Buckeye/s30/s3003a/s3003a.wav,s3003a,English-US,1,1,1920000,16,120,0.98375,120,Buckeye,STM_output/MATs/speech_mat_wl4_Buckeye/s3003a_MS2024.mat,Buckeye_S30,m,speech
1,data/speechCorp/Buckeye/s26/s2603b/s2603b.wav,s2603b,English-US,1,1,2048000,16,128,0.9350625,120,Buckeye,STM_output/MATs/speech_mat_wl4_Buckeye/s2603b_MS2024.mat,Buckeye_S26,f,speech
2,data/speechCorp/Buckeye/s27/s2703a/s2703a.wav,s2703a,English-US,1,1,3328000,16,208,0.9634375,120,Buckeye,STM_output/MATs/speech_mat_wl4_Buckeye/s2703a_MS2024.mat,Buckeye_S27,f,speech
3,data/speechCorp/Buckeye/s09/s0903a/s0903a.wav,s0903a,English-US,1,1,1920000,16,120,0.3990625,120,Buckeye,STM_output/MATs/speech_mat_wl4_Buckeye/s0903a_MS2024.mat,Buckeye_S09,f,speech
4,data/speechCorp/Buckeye/s08/s0803b/s0803b.wav,s0803b,English-US,1,1,1984000,16,124,0.9783125,120,Buckeye,STM_output/MATs/speech_mat_wl4_Buckeye/s0803b_MS2024.mat,Buckeye_S08,f,speech
5,data/speechCorp/Buckeye/s23/s2303a/s2303a.wav,s2303a,English-US,1,1,1920000,16,120,0.6341875,120,Buckeye,STM_output/MATs/speech_mat_wl4_Buckeye/s2303a_MS2024.mat,Buckeye_S23,m,speech
6,data/speechCorp/Buckeye/s35/s3503b/s3503b.wav,s3503b,English-US,1,1,2304000,16,144,0.8629375,120,Buckeye,STM_output/MATs/speech_mat_wl4_Buckeye/s3503b_MS2024.mat,Buckeye_S35,m,speech
7,data/speechCorp/Buckeye/s22/s2203b/s2203b.wav,s2203b,English-US,1,1,2176000,16,136,0.9748125,120,Buckeye,STM_output/MATs/speech_mat_wl4_Buckeye/s2203b_MS2024.mat,Buckeye_S22,m,speech
8,data/speechCorp/Buckeye/s34/s3403a/s3403a.wav,s3403a,English-US,1,1,2496000,16,156,0.9183125,120,Buckeye,STM_output/MATs/speech_mat_wl4_Buckeye/s3403a_MS2024.mat,Buckeye_S34,m,speech
9,data/speechCorp/Buckeye/s36/s3601a/s3601a.wav,s3601a,English-US,1,1,2304000,16,144,0.796,120,Buckeye,STM_output/MATs/speech_mat_wl4_Buckeye/s3601a_MS2024.mat,Buckeye_S36,m,speech
10,data/speechCorp/Buckeye/s04/s0402b/s0402b.wav,s0402b,English-US,1,1,1984000,16,124,0.9249375,120,Buckeye,STM_output/MATs/speech_mat_wl4_Buckeye/s0402b_MS2024.mat,Buckeye_S04,f,speech
11,data/speechCorp/Buckeye/s12/s1202a/s1202a.wav,s1202a,English-US,1,1,1984000,16,124,0.8164375,120,Buckeye,STM_output/MATs/speech_mat_wl4_Buckeye/s1202a_MS2024.mat,Buckeye_S12,f,speech
12,data/speechCorp/Buckeye/s20/s2001b/s2001b.wav,s2001b,English-US,1,1,2112000,16,132,0.501875,120,Buckeye,STM_output/MATs/speech_mat_wl4_Buckeye/s2001b_MS2024.mat,Buckeye_S20,f,speech
13,data/speechCorp/Buckeye/s37/s3701b/s3701b.wav,s3701b,English-US,1,1,2624000,16,164,0.9433125,120,Buckeye,STM_output/MATs/speech_mat_wl4_Buckeye/s3701b_MS2024.mat,Buckeye_S37,f,speech
14,data/speechCorp/Buckeye/s05/s0502a/s0502a.wav,s0502a,English-US,1,1,2048000,16,128,0.9788125,120,Buckeye,STM_output/MATs/speech_mat_wl4_Buckeye/s0502a_MS2024.mat,Buckeye_S05,f,speech
15,data/speechCorp/Buckeye/s13/s1302b/s1302b.wav,s1302b,English-US,1,1,2176000,16,136,0.9235,120,Buckeye,STM_output/MATs/speech_mat_wl4_Buckeye/s1302b_MS2024.mat,Buckeye_S13,m,speech
16,data/speechCorp/Buckeye/s40/s4003a/s4003a.wav,s4003a,English-US,1,1,2304000,16,144,0.856,120,Buckeye,STM_output/MATs/speech_mat_wl4_Buckeye/s4003a_MS2024.mat,Buckeye_S40,m,speech
17,data/speechCorp/Buckeye/s21/s2101a/s2101a.wav,s2101a,English-US,1,1,1984000,16,124,0.541,120,Buckeye,STM_output/MATs/speech_mat_wl4_Buckeye/s2101a_MS2024.mat,Buckeye_S21,f,speech
18,data/speechCorp/Buckeye/s35/s3504a/s3504a.wav,s3504a,English-US,1,1,2624000,16,164,0.8156875,120,Buckeye,STM_output/MATs/speech_mat_wl4_Buckeye/s3504a_MS2024.mat,Buckeye_S35,m,speech
19,data/speechCorp/Buckeye/s19/s1901b/s1901b.wav,s1901b,English-US,1,1,2176000,16,136,0.79575,120,Buckeye,STM_output/MATs/speech_mat_wl4_Buckeye/s1901b_MS2024.mat,Buckeye_S19,m,speech
20,data/speechCorp/Buckeye/s18/s1801a/s1801a.wav,s1801a,English-US,1,1,1920000,16,120,0.793375,120,Buckeye,STM_output/MATs/speech_mat_wl4_Buckeye/s1801a_MS2024.mat,Buckeye_S18,f,speech
21,data/speechCorp/Buckeye/s25/s2501a/s2501a.wav,s2501a,English-US,1,1,2240000,16,140,0.988125,120,Buckeye,STM_output/MATs/speech_mat_wl4_Buckeye/s2501a_MS2024.mat,Buckeye_S25,f,speech
22,data/speechCorp/Buckeye/s17/s1702b/s1702b.wav,s1702b,English-US,1,1,2112000,16,132,0.9863125,120,Buckeye,STM_output/MATs/speech_mat_wl4_Buckeye/s1702b_MS2024.mat,Buckeye_S17,f,speech
23,data/speechCorp/Buckeye/s01/s0102a/s0102a.wav,s0102a,English-US,1,1,1984000,16,124,0.216625,120,Buckeye,STM_output/MATs/speech_mat_wl4_Buckeye/s0102a_MS2024.mat,Buckeye_S01,f,speech
24,data/speechCorp/Buckeye/s33/s3301b/s3301b.wav,s3301b,English-US,1,1,2112000,16,132,0.9829375,120,Buckeye,STM_output/MATs/speech_mat_wl4_Buckeye/s3301b_MS2024.mat,Buckeye_S33,m,speech
25,data/speechCorp/Buckeye/s24/s2401b/s2401b.wav,s2401b,English-US,1,1,3456000,16,216,0.974,120,Buckeye,STM_output/MATs/speech_mat_wl4_Buckeye/s2401b_MS2024.mat,Buckeye_S24,m,speech
26,data/speechCorp/Buckeye/s16/s1602a/s1602a.wav,s1602a,English-US,1,1,1984000,16,124,0.825,120,Buckeye,STM_output/MATs/speech_mat_wl4_Buckeye/s1602a_MS2024.mat,Buckeye_S16,f,speech
27,data/speechCorp/Buckeye/s08/s0804a/s0804a.wav,s0804a,English-US,1,1,1984000,16,124,0.9170625,120,Buckeye,STM_output/MATs/speech_mat_wl4_Buckeye/s0804a_MS2024.mat,Buckeye_S08,f,speech
28,data/speechCorp/Buckeye/s32/s3201a/s3201a.wav,s3201a,English-US,1,1,1920000,16,120,0.7248125,120,Buckeye,STM_output/MATs/speech_mat_wl4_Buckeye/s3201a_MS2024.mat,Buckeye_S32,m,speech
29,data/speechCorp/Buckeye/s38/s3802a/s3802a.wav,s3802a,English-US,1,1,2112000,16,132,0.97675,120,Buckeye,STM_output/MATs/speech_mat_wl4_Buckeye/s3802a_MS2024.mat,Buckeye_S38,m,speech
30,data/speechCorp/Buckeye/s39/s3902b/s3902b.wav,s3902b,English-US,1,1,1920000,16,120,0.7710625,120,Buckeye,STM_output/MATs/speech_mat_wl4_Buckeye/s3902b_MS2024.mat,Buckeye_S39,f,speech
31,data/speechCorp/Buckeye/s22/s2201a/s2201a.wav,s2201a,English-US,1,1,1920000,16,120,0.80725,120,Buckeye,STM_output/MATs/speech_mat_wl4_Buckeye/s2201a_MS2024.mat,Buckeye_S22,m,speech
32,data/speechCorp/Buckeye/s18/s1804a/s1804a.wav,s1804a,English-US,1,1,1920000,16,120,0.7621875,120,Buckeye,STM_output/MATs/speech_mat_wl4_Buckeye/s1804a_MS2024.mat,Buckeye_S18,f,speech
33,data/speechCorp/Buckeye/s10/s1002b/s1002b.wav,s1002b,English-US,1,1,1920000,16,120,0.10475,120,Buckeye,STM_output/MATs/speech_mat_wl4_Buckeye/s1002b_MS2024.mat,Buckeye_S10,m,speech
34,data/speechCorp/Buckeye/s06/s0602a/s0602a.wav,s0602a,English-US,1,1,2240000,16,140,0.9835,120,Buckeye,STM_output/MATs/speech_mat_wl4_Buckeye/s0602a_MS2024.mat,Buckeye_S06,m,speech
35,data/speechCorp/Buckeye/s34/s3401b/s3401b.wav,s3401b,English-US,1,1,2304000,16,144,0.9815,120,Buckeye,STM_output/MATs/speech_mat_wl4_Buckeye/s3401b_MS2024.mat,Buckeye_S34,m,speech
36,data/speechCorp/Buckeye/s23/s2301b/s2301b.wav,s2301b,English-US,1,1,1920000,16,120,0.7440625,120,Buckeye,STM_output/MATs/speech_mat_wl4_Buckeye/s2301b_MS2024.mat,Buckeye_S23,m,speech
37,data/speechCorp/Buckeye/s19/s1904b/s1904b.wav,s1904b,English-US,1,1,2432000,16,152,0.9851875,120,Buckeye,STM_output/MATs/speech_mat_wl4_Buckeye/s1904b_MS2024.mat,Buckeye_S19,m,speech
38,data/speechCorp/Buckeye/s11/s1102a/s1102a.wav,s1102a,English-US,1,1,2048000,16,128,0.9765625,120,Buckeye,STM_output/MATs/speech_mat_wl4_Buckeye/s1102a_MS2024.mat,Buckeye_S11,m,speech
39,data/speechCorp/Buckeye/s07/s0702b/s0702b.wav,s0702b,English-US,1,1,1984000,16,124,0.89725,120,Buckeye,STM_output/MATs/speech_mat_wl4_Buckeye/s0702b_MS2024.mat,Buckeye_S07,f,speech
40,data/speechCorp/Buckeye/s35/s3501a/s3501a.wav,s3501a,English-US,1,1,2048000,16,128,0.889,120,Buckeye,STM_output/MATs/speech_mat_wl4_Buckeye/s3501a_MS2024.mat,Buckeye_S35,m,speech
41,data/speechCorp/Buckeye/s29/s2902b/s2902b.wav,s2902b,English-US,1,1,1920000,16,120,0.7309375,120,Buckeye,STM_output/MATs/speech_mat_wl4_Buckeye/s2902b_MS2024.mat,Buckeye_S29,m,speech
42,data/speechCorp/Buckeye/s28/s2802a/s2802a.wav,s2802a,English-US,1,1,2048000,16,128,0.8753125,120,Buckeye,STM_output/MATs/speech_mat_wl4_Buckeye/s2802a_MS2024.mat,Buckeye_S28,m,speech
43,data/speechCorp/Buckeye/s31/s3101a/s3101a.wav,s3101a,English-US,1,1,2176000,16,136,0.9435625,120,Buckeye,STM_output/MATs/speech_mat_wl4_Buckeye/s3101a_MS2024.mat,Buckeye_S31,f,speech
44,data/speechCorp/Buckeye/s03/s0302b/s0302b.wav,s0302b,English-US,1,1,1920000,16,120,0.437625,120,Buckeye,STM_output/MATs/speech_mat_wl4_Buckeye/s0302b_MS2024.mat,Buckeye_S03,m,speech
45,data/speechCorp/Buckeye/s15/s1502a/s1502a.wav,s1502a,English-US,1,1,2176000,16,136,0.881125,120,Buckeye,STM_output/MATs/speech_mat_wl4_Buckeye/s1502a_MS2024.mat,Buckeye_S15,m,speech
46,data/speechCorp/Buckeye/s27/s2701b/s2701b.wav,s2701b,English-US,1,1,2560000,16,160,0.9813125,120,Buckeye,STM_output/MATs/speech_mat_wl4_Buckeye/s2701b_MS2024.mat,Buckeye_S27,f,speech
47,data/speechCorp/Buckeye/s30/s3001b/s3001b.wav,s3001b,English-US,1,1,2240000,16,140,0.8586875,120,Buckeye,STM_output/MATs/speech_mat_wl4_Buckeye/s3001b_MS2024.mat,Buckeye_S30,m,speech
48,data/speechCorp/Buckeye/s02/s0202a/s0202a.wav,s0202a,English-US,1,1,1920000,16,120,0.6614375,120,Buckeye,STM_output/MATs/speech_mat_wl4_Buckeye/s0202a_MS2024.mat,Buckeye_S02,f,speech
49,data/speechCorp/Buckeye/s14/s1402b/s1402b.wav,s1402b,English-US,1,1,2240000,16,140,0.837875,120,Buckeye,STM_output/MATs/speech_mat_wl4_Buckeye/s1402b_MS2024.mat,Buckeye_S14,f,speech
50,data/speechCorp/Buckeye/s26/s2601a/s2601a.wav,s2601a,English-US,1,1,1984000,16,124,0.8664375,120,Buckeye,STM_output/MATs/speech_mat_wl4_Buckeye/s2601a_MS2024.mat,Buckeye_S26,f,speech
51,data/speechCorp/Buckeye/s08/s0801a/s0801a.wav,s0801a,English-US,1,1,1984000,16,124,0.5643125,120,Buckeye,STM_output/MATs/speech_mat_wl4_Buckeye/s0801a_MS2024.mat,Buckeye_S08,f,speech
52,data/speechCorp/Buckeye/s09/s0901b/s0901b.wav,s0901b,English-US,1,1,1984000,16,124,0.9095625,120,Buckeye,STM_output/MATs/speech_mat_wl4_Buckeye/s0901b_MS2024.mat,Buckeye_S09,f,speech
53,data/speechCorp/Buckeye/s24/s2403a/s2403a.wav,s2403a,English-US,1,1,2880000,16,180,0.9264375,120,Buckeye,STM_output/MATs/speech_mat_wl4_Buckeye/s2403a_MS2024.mat,Buckeye_S24,m,speech
54,data/speechCorp/Buckeye/s25/s2503b/s2503b.wav,s2503b,English-US,1,1,2112000,16,132,0.9141875,120,Buckeye,STM_output/MATs/speech_mat_wl4_Buckeye/s2503b_MS2024.mat,Buckeye_S25,f,speech
55,data/speechCorp/Buckeye/s03/s0305a/s0305a.wav,s0305a,English-US,1,1,2112000,16,132,0.841875,120,Buckeye,STM_output/MATs/speech_mat_wl4_Buckeye/s0305a_MS2024.mat,Buckeye_S03,m,speech
56,data/speechCorp/Buckeye/s02/s0205b/s0205b.wav,s0205b,English-US,1,1,2048000,16,128,0.457875,120,Buckeye,STM_output/MATs/speech_mat_wl4_Buckeye/s0205b_MS2024.mat,Buckeye_S02,f,speech
57,data/speechCorp/Buckeye/s37/s3703a/s3703a.wav,s3703a,English-US,1,1,2048000,16,128,0.8855,120,Buckeye,STM_output/MATs/speech_mat_wl4_Buckeye/s3703a_MS2024.mat,Buckeye_S37,f,speech
58,data/speechCorp/Buckeye/s40/s4001b/s4001b.wav,s4001b,English-US,1,1,2048000,16,128,0.9930625,120,Buckeye,STM_output/MATs/speech_mat_wl4_Buckeye/s4001b_MS2024.mat,Buckeye_S40,m,speech
59,data/speechCorp/Buckeye/s36/s3603b/s3603b.wav,s3603b,English-US,1,1,2496000,16,156,0.998375,120,Buckeye,STM_output/MATs/speech_mat_wl4_Buckeye/s3603b_MS2024.mat,Buckeye_S36,m,speech
60,data/speechCorp/Buckeye/s20/s2003a/s2003a.wav,s2003a,English-US,1,1,1984000,16,124,0.902,120,Buckeye,STM_output/MATs/speech_mat_wl4_Buckeye/s2003a_MS2024.mat,Buckeye_S20,f,speech
61,data/speechCorp/Buckeye/s18/s1803b/s1803b.wav,s1803b,English-US,1,1,1920000,16,120,0.75575,120,Buckeye,STM_output/MATs/speech_mat_wl4_Buckeye/s1803b_MS2024.mat,Buckeye_S18,f,speech
62,data/speechCorp/Buckeye/s19/s1903a/s1903a.wav,s1903a,English-US,1,1,2240000,16,140,0.7621875,120,Buckeye,STM_output/MATs/speech_mat_wl4_Buckeye/s1903a_MS2024.mat,Buckeye_S19,m,speech
63,data/speechCorp/Buckeye/s40/s4002b/s4002b.wav,s4002b,English-US,1,1,2432000,16,152,0.9723125,120,Buckeye,STM_output/MATs/speech_mat_wl4_Buckeye/s4002b_MS2024.mat,Buckeye_S40,m,speech
64,data/speechCorp/Buckeye/s13/s1303a/s1303a.wav,s1303a,English-US,1,1,2304000,16,144,0.854875,120,Buckeye,STM_output/MATs/speech_mat_wl4_Buckeye/s1303a_MS2024.mat,Buckeye_S13,m,speech
65,data/speechCorp/Buckeye/s05/s0503b/s0503b.wav,s0503b,English-US,1,1,1984000,16,124,0.7305,120,Buckeye,STM_output/MATs/speech_mat_wl4_Buckeye/s0503b_MS2024.mat,Buckeye_S05,f,speech
66,data/speechCorp/Buckeye/s12/s1203b/s1203b.wav,s1203b,English-US,1,1,2048000,16,128,0.9668125,120,Buckeye,STM_output/MATs/speech_mat_wl4_Buckeye/s1203b_MS2024.mat,Buckeye_S12,f,speech
67,data/speechCorp/Buckeye/s04/s0403a/s0403a.wav,s0403a,English-US,1,1,1984000,16,124,0.8005,120,Buckeye,STM_output/MATs/speech_mat_wl4_Buckeye/s0403a_MS2024.mat,Buckeye_S04,f,speech
68,data/speechCorp/Buckeye/s39/s3903a/s3903a.wav,s3903a,English-US,1,1,1920000,16,120,0.840125,120,Buckeye,STM_output/MATs/speech_mat_wl4_Buckeye/s3903a_MS2024.mat,Buckeye_S39,f,speech
69,data/speechCorp/Buckeye/s03/s0306a/s0306a.wav,s0306a,English-US,1,1,2112000,16,132,0.7385625,120,Buckeye,STM_output/MATs/speech_mat_wl4_Buckeye/s0306a_MS2024.mat,Buckeye_S03,m,speech
70,data/speechCorp/Buckeye/s16/s1603b/s1603b.wav,s1603b,English-US,1,1,1920000,16,120,0.821,120,Buckeye,STM_output/MATs/speech_mat_wl4_Buckeye/s1603b_MS2024.mat,Buckeye_S16,f,speech
71,data/speechCorp/Buckeye/s17/s1703a/s1703a.wav,s1703a,English-US,1,1,1984000,16,124,0.931,120,Buckeye,STM_output/MATs/speech_mat_wl4_Buckeye/s1703a_MS2024.mat,Buckeye_S17,f,speech
72,data/speechCorp/Buckeye/s16/s1604a/s1604a.wav,s1604a,English-US,1,1,1920000,16,120,0.7498125,120,Buckeye,STM_output/MATs/speech_mat_wl4_Buckeye/s1604a_MS2024.mat,Buckeye_S16,f,speech
73,data/speechCorp/Buckeye/s08/s0802a/s0802a.wav,s0802a,English-US,1,1,1920000,16,120,0.7228125,120,Buckeye,STM_output/MATs/speech_mat_wl4_Buckeye/s0802a_MS2024.mat,Buckeye_S08,f,speech
74,data/speechCorp/Buckeye/s09/s0902b/s0902b.wav,s0902b,English-US,1,1,1920000,16,120,0.7581875,120,Buckeye,STM_output/MATs/speech_mat_wl4_Buckeye/s0902b_MS2024.mat,Buckeye_S09,f,speech
75,data/speechCorp/Buckeye/s27/s2702b/s2702b.wav,s2702b,English-US,1,1,2816000,16,176,0.9899375,120,Buckeye,STM_output/MATs/speech_mat_wl4_Buckeye/s2702b_MS2024.mat,Buckeye_S27,f,speech
76,data/speechCorp/Buckeye/s15/s1501a/s1501a.wav,s1501a,English-US,1,1,2048000,16,128,0.92025,120,Buckeye,STM_output/MATs/speech_mat_wl4_Buckeye/s1501a_MS2024.mat,Buckeye_S15,m,speech
77,data/speechCorp/Buckeye/s03/s0301b/s0301b.wav,s0301b,English-US,1,1,1984000,16,124,0.7125625,120,Buckeye,STM_output/MATs/speech_mat_wl4_Buckeye/s0301b_MS2024.mat,Buckeye_S03,m,speech
78,data/speechCorp/Buckeye/s31/s3102a/s3102a.wav,s3102a,English-US,1,1,2368000,16,148,0.9633125,120,Buckeye,STM_output/MATs/speech_mat_wl4_Buckeye/s3102a_MS2024.mat,Buckeye_S31,f,speech
79,data/speechCorp/Buckeye/s26/s2602a/s2602a.wav,s2602a,English-US,1,1,2304000,16,144,0.9851875,120,Buckeye,STM_output/MATs/speech_mat_wl4_Buckeye/s2602a_MS2024.mat,Buckeye_S26,f,speech
80,data/speechCorp/Buckeye/s14/s1401b/s1401b.wav,s1401b,English-US,1,1,2048000,16,128,0.9213125,120,Buckeye,STM_output/MATs/speech_mat_wl4_Buckeye/s1401b_MS2024.mat,Buckeye_S14,f,speech
81,data/speechCorp/Buckeye/s02/s0201a/s0201a.wav,s0201a,English-US,1,1,2048000,16,128,0.8719375,120,Buckeye,STM_output/MATs/speech_mat_wl4_Buckeye/s0201a_MS2024.mat,Buckeye_S02,f,speech
82,data/speechCorp/Buckeye/s30/s3002b/s3002b.wav,s3002b,English-US,1,1,2112000,16,132,0.855375,120,Buckeye,STM_output/MATs/speech_mat_wl4_Buckeye/s3002b_MS2024.mat,Buckeye_S30,m,speech
83,data/speechCorp/Buckeye/s05/s0504a/s0504a.wav,s0504a,English-US,1,1,1920000,16,120,0.916,120,Buckeye,STM_output/MATs/speech_mat_wl4_Buckeye/s0504a_MS2024.mat,Buckeye_S05,f,speech
84,data/speechCorp/Buckeye/s29/s2901b/s2901b.wav,s2901b,English-US,1,1,1920000,16,120,0.9170625,120,Buckeye,STM_output/MATs/speech_mat_wl4_Buckeye/s2901b_MS2024.mat,Buckeye_S29,m,speech
85,data/speechCorp/Buckeye/s28/s2801a/s2801a.wav,s2801a,English-US,1,1,1984000,16,124,0.7385,120,Buckeye,STM_output/MATs/speech_mat_wl4_Buckeye/s2801a_MS2024.mat,Buckeye_S28,m,speech
86,data/speechCorp/Buckeye/s12/s1204a/s1204a.wav,s1204a,English-US,1,1,2112000,16,132,0.825125,120,Buckeye,STM_output/MATs/speech_mat_wl4_Buckeye/s1204a_MS2024.mat,Buckeye_S12,f,speech
87,data/speechCorp/Buckeye/s34/s3402b/s3402b.wav,s3402b,English-US,1,1,2176000,16,136,0.8131875,120,Buckeye,STM_output/MATs/speech_mat_wl4_Buckeye/s3402b_MS2024.mat,Buckeye_S34,m,speech
88,data/speechCorp/Buckeye/s06/s0601a/s0601a.wav,s0601a,English-US,1,1,2048000,16,128,0.8705625,120,Buckeye,STM_output/MATs/speech_mat_wl4_Buckeye/s0601a_MS2024.mat,Buckeye_S06,m,speech
89,data/speechCorp/Buckeye/s10/s1001b/s1001b.wav,s1001b,English-US,1,1,2048000,16,128,0.659,120,Buckeye,STM_output/MATs/speech_mat_wl4_Buckeye/s1001b_MS2024.mat,Buckeye_S10,m,speech
90,data/speechCorp/Buckeye/s22/s2202a/s2202a.wav,s2202a,English-US,1,1,1984000,16,124,0.8944375,120,Buckeye,STM_output/MATs/speech_mat_wl4_Buckeye/s2202a_MS2024.mat,Buckeye_S22,m,speech
91,data/speechCorp/Buckeye/s35/s3502a/s3502a.wav,s3502a,English-US,1,1,2048000,16,128,0.9619375,120,Buckeye,STM_output/MATs/speech_mat_wl4_Buckeye/s3502a_MS2024.mat,Buckeye_S35,m,speech
92,data/speechCorp/Buckeye/s07/s0701b/s0701b.wav,s0701b,English-US,1,1,2048000,16,128,0.7103125,120,Buckeye,STM_output/MATs/speech_mat_wl4_Buckeye/s0701b_MS2024.mat,Buckeye_S07,f,speech
93,data/speechCorp/Buckeye/s11/s1101a/s1101a.wav,s1101a,English-US,1,1,2176000,16,136,0.9623125,120,Buckeye,STM_output/MATs/speech_mat_wl4_Buckeye/s1101a_MS2024.mat,Buckeye_S11,m,speech
94,data/speechCorp/Buckeye/s23/s2302b/s2302b.wav,s2302b,English-US,1,1,1920000,16,120,0.7796875,120,Buckeye,STM_output/MATs/speech_mat_wl4_Buckeye/s2302b_MS2024.mat,Buckeye_S23,m,speech
95,data/speechCorp/Buckeye/s02/s0204a/s0204a.wav,s0204a,English-US,1,1,2368000,16,148,0.9266875,120,Buckeye,STM_output/MATs/speech_mat_wl4_Buckeye/s0204a_MS2024.mat,Buckeye_S02,f,speech
96,data/speechCorp/Buckeye/s38/s3801a/s3801a.wav,s3801a,English-US,1,1,2112000,16,132,0.9840625,120,Buckeye,STM_output/MATs/speech_mat_wl4_Buckeye/s3801a_MS2024.mat,Buckeye_S38,m,speech
97,data/speechCorp/Buckeye/s03/s0304b/s0304b.wav,s0304b,English-US,1,1,1920000,16,120,0.9825,120,Buckeye,STM_output/MATs/speech_mat_wl4_Buckeye/s0304b_MS2024.mat,Buckeye_S03,m,speech
98,data/speechCorp/Buckeye/s39/s3901b/s3901b.wav,s3901b,English-US,1,1,2048000,16,128,0.9435,120,Buckeye,STM_output/MATs/speech_mat_wl4_Buckeye/s3901b_MS2024.mat,Buckeye_S39,f,speech
99,data/speechCorp/Buckeye/s33/s3302b/s3302b.wav,s3302b,English-US,1,1,2240000,16,140,0.84875,120,Buckeye,STM_output/MATs/speech_mat_wl4_Buckeye/s3302b_MS2024.mat,Buckeye_S33,m,speech
100,data/speechCorp/Buckeye/s01/s0101a/s0101a.wav,s0101a,English-US,1,1,1984000,16,124,0.619875,120,Buckeye,STM_output/MATs/speech_mat_wl4_Buckeye/s0101a_MS2024.mat,Buckeye_S01,f,speech
101,data/speechCorp/Buckeye/s17/s1701b/s1701b.wav,s1701b,English-US,1,1,2176000,16,136,0.9519375,120,Buckeye,STM_output/MATs/speech_mat_wl4_Buckeye/s1701b_MS2024.mat,Buckeye_S17,f,speech
102,data/speechCorp/Buckeye/s25/s2502a/s2502a.wav,s2502a,English-US,1,1,2048000,16,128,0.8878125,120,Buckeye,STM_output/MATs/speech_mat_wl4_Buckeye/s2502a_MS2024.mat,Buckeye_S25,f,speech
103,data/speechCorp/Buckeye/s32/s3202a/s3202a.wav,s3202a,English-US,1,1,1920000,16,120,0.295125,120,Buckeye,STM_output/MATs/speech_mat_wl4_Buckeye/s3202a_MS2024.mat,Buckeye_S32,m,speech
104,data/speechCorp/Buckeye/s16/s1601a/s1601a.wav,s1601a,English-US,1,1,2048000,16,128,0.70625,120,Buckeye,STM_output/MATs/speech_mat_wl4_Buckeye/s1601a_MS2024.mat,Buckeye_S16,f,speech
105,data/speechCorp/Buckeye/s24/s2402b/s2402b.wav,s2402b,English-US,1,1,2688000,16,168,0.979125,120,Buckeye,STM_output/MATs/speech_mat_wl4_Buckeye/s2402b_MS2024.mat,Buckeye_S24,m,speech
106,data/speechCorp/Buckeye/s11/s1104a/s1104a.wav,s1104a,English-US,1,1,1984000,16,124,0.872875,120,Buckeye,STM_output/MATs/speech_mat_wl4_Buckeye/s1104a_MS2024.mat,Buckeye_S11,m,speech
107,data/speechCorp/Buckeye/s19/s1902b/s1902b.wav,s1902b,English-US,1,1,2688000,16,168,0.8504375,120,Buckeye,STM_output/MATs/speech_mat_wl4_Buckeye/s1902b_MS2024.mat,Buckeye_S19,m,speech
108,data/speechCorp/Buckeye/s18/s1802a/s1802a.wav,s1802a,English-US,1,1,1920000,16,120,0.68225,120,Buckeye,STM_output/MATs/speech_mat_wl4_Buckeye/s1802a_MS2024.mat,Buckeye_S18,f,speech
109,data/speechCorp/Buckeye/s20/s2002b/s2002b.wav,s2002b,English-US,1,1,2048000,16,128,0.9395,120,Buckeye,STM_output/MATs/speech_mat_wl4_Buckeye/s2002b_MS2024.mat,Buckeye_S20,f,speech
110,data/speechCorp/Buckeye/s12/s1201a/s1201a.wav,s1201a,English-US,1,1,1984000,16,124,0.9301875,120,Buckeye,STM_output/MATs/speech_mat_wl4_Buckeye/s1201a_MS2024.mat,Buckeye_S12,f,speech
111,data/speechCorp/Buckeye/s04/s0401b/s0401b.wav,s0401b,English-US,1,1,1920000,16,120,0.8108125,120,Buckeye,STM_output/MATs/speech_mat_wl4_Buckeye/s0401b_MS2024.mat,Buckeye_S04,f,speech
112,data/speechCorp/Buckeye/s36/s3602a/s3602a.wav,s3602a,English-US,1,1,2176000,16,136,0.8616875,120,Buckeye,STM_output/MATs/speech_mat_wl4_Buckeye/s3602a_MS2024.mat,Buckeye_S36,m,speech
113,data/speechCorp/Buckeye/s21/s2102a/s2102a.wav,s2102a,English-US,1,1,1920000,16,120,0.8816875,120,Buckeye,STM_output/MATs/speech_mat_wl4_Buckeye/s2102a_MS2024.mat,Buckeye_S21,f,speech
114,data/speechCorp/Buckeye/s13/s1301b/s1301b.wav,s1301b,English-US,1,1,2176000,16,136,0.9445625,120,Buckeye,STM_output/MATs/speech_mat_wl4_Buckeye/s1301b_MS2024.mat,Buckeye_S13,m,speech
115,data/speechCorp/Buckeye/s05/s0501a/s0501a.wav,s0501a,English-US,1,1,2048000,16,128,0.9904375,120,Buckeye,STM_output/MATs/speech_mat_wl4_Buckeye/s0501a_MS2024.mat,Buckeye_S05,f,speech
116,data/speechCorp/Buckeye/s37/s3702b/s3702b.wav,s3702b,English-US,1,1,2560000,16,160,0.9330625,120,Buckeye,STM_output/MATs/speech_mat_wl4_Buckeye/s3702b_MS2024.mat,Buckeye_S37,f,speech
117,data/speechCorp/Buckeye/s29/s2903a/s2903a.wav,s2903a,English-US,1,1,1920000,16,120,0.8470625,120,Buckeye,STM_output/MATs/speech_mat_wl4_Buckeye/s2903a_MS2024.mat,Buckeye_S29,m,speech
118,data/speechCorp/Buckeye/s07/s0703a/s0703a.wav,s0703a,English-US,1,1,2304000,16,144,0.7878125,120,Buckeye,STM_output/MATs/speech_mat_wl4_Buckeye/s0703a_MS2024.mat,Buckeye_S07,f,speech
119,data/speechCorp/Buckeye/s11/s1103b/s1103b.wav,s1103b,English-US,1,1,2112000,16,132,0.990625,120,Buckeye,STM_output/MATs/speech_mat_wl4_Buckeye/s1103b_MS2024.mat,Buckeye_S11,m,speech
120,data/speechCorp/Buckeye/s10/s1003a/s1003a.wav,s1003a,English-US,1,1,2048000,16,128,0.6699375,120,Buckeye,STM_output/MATs/speech_mat_wl4_Buckeye/s1003a_MS2024.mat,Buckeye_S10,m,speech
121,data/speechCorp/Buckeye/s14/s1403a/s1403a.wav,s1403a,English-US,1,1,2048000,16,128,0.8253125,120,Buckeye,STM_output/MATs/speech_mat_wl4_Buckeye/s1403a_MS2024.mat,Buckeye_S14,f,speech
122,data/speechCorp/Buckeye/s02/s0203b/s0203b.wav,s0203b,English-US,1,1,1920000,16,120,0.02875,120,Buckeye,STM_output/MATs/speech_mat_wl4_Buckeye/s0203b_MS2024.mat,Buckeye_S02,f,speech
123,data/speechCorp/Buckeye/s03/s0303a/s0303a.wav,s0303a,English-US,1,1,2048000,16,128,0.9256875,120,Buckeye,STM_output/MATs/speech_mat_wl4_Buckeye/s0303a_MS2024.mat,Buckeye_S03,m,speech
124,data/speechCorp/Buckeye/s12/s1201b/s1201b.wav,s1201b,English-US,1,1,1984000,16,124,0.877625,120,Buckeye,STM_output/MATs/speech_mat_wl4_Buckeye/s1201b_MS2024.mat,Buckeye_S12,f,speech
125,data/speechCorp/Buckeye/s20/s2002a/s2002a.wav,s2002a,English-US,1,1,2304000,16,144,0.791625,120,Buckeye,STM_output/MATs/speech_mat_wl4_Buckeye/s2002a_MS2024.mat,Buckeye_S20,f,speech
126,data/speechCorp/Buckeye/s36/s3602b/s3602b.wav,s3602b,English-US,1,1,2240000,16,140,0.867875,120,Buckeye,STM_output/MATs/speech_mat_wl4_Buckeye/s3602b_MS2024.mat,Buckeye_S36,m,speech
127,data/speechCorp/Buckeye/s04/s0401a/s0401a.wav,s0401a,English-US,1,1,2048000,16,128,0.7854375,120,Buckeye,STM_output/MATs/speech_mat_wl4_Buckeye/s0401a_MS2024.mat,Buckeye_S04,f,speech
128,data/speechCorp/Buckeye/s13/s1301a/s1301a.wav,s1301a,English-US,1,1,2112000,16,132,0.8423125,120,Buckeye,STM_output/MATs/speech_mat_wl4_Buckeye/s1301a_MS2024.mat,Buckeye_S13,m,speech
129,data/speechCorp/Buckeye/s21/s2102b/s2102b.wav,s2102b,English-US,1,1,2048000,16,128,0.8973125,120,Buckeye,STM_output/MATs/speech_mat_wl4_Buckeye/s2102b_MS2024.mat,Buckeye_S21,f,speech
130,data/speechCorp/Buckeye/s37/s3702a/s3702a.wav,s3702a,English-US,1,1,2112000,16,132,0.9718125,120,Buckeye,STM_output/MATs/speech_mat_wl4_Buckeye/s3702a_MS2024.mat,Buckeye_S37,f,speech
131,data/speechCorp/Buckeye/s05/s0501b/s0501b.wav,s0501b,English-US,1,1,1984000,16,124,0.9321875,120,Buckeye,STM_output/MATs/speech_mat_wl4_Buckeye/s0501b_MS2024.mat,Buckeye_S05,f,speech
132,data/speechCorp/Buckeye/s19/s1902a/s1902a.wav,s1902a,English-US,1,1,2048000,16,128,0.9903125,120,Buckeye,STM_output/MATs/speech_mat_wl4_Buckeye/s1902a_MS2024.mat,Buckeye_S19,m,speech
133,data/speechCorp/Buckeye/s11/s1104b/s1104b.wav,s1104b,English-US,1,1,2112000,16,132,0.8900625,120,Buckeye,STM_output/MATs/speech_mat_wl4_Buckeye/s1104b_MS2024.mat,Buckeye_S11,m,speech
134,data/speechCorp/Buckeye/s07/s0704a/s0704a.wav,s0704a,English-US,1,1,2176000,16,136,0.97475,120,Buckeye,STM_output/MATs/speech_mat_wl4_Buckeye/s0704a_MS2024.mat,Buckeye_S07,f,speech
135,data/speechCorp/Buckeye/s18/s1802b/s1802b.wav,s1802b,English-US,1,1,1920000,16,120,0.6439375,120,Buckeye,STM_output/MATs/speech_mat_wl4_Buckeye/s1802b_MS2024.mat,Buckeye_S18,f,speech
136,data/speechCorp/Buckeye/s10/s1004a/s1004a.wav,s1004a,English-US,1,1,1984000,16,124,0.817625,120,Buckeye,STM_output/MATs/speech_mat_wl4_Buckeye/s1004a_MS2024.mat,Buckeye_S10,m,speech
137,data/speechCorp/Buckeye/s01/s0101b/s0101b.wav,s0101b,English-US,1,1,1920000,16,120,0.7006875,120,Buckeye,STM_output/MATs/speech_mat_wl4_Buckeye/s0101b_MS2024.mat,Buckeye_S01,f,speech
138,data/speechCorp/Buckeye/s33/s3302a/s3302a.wav,s3302a,English-US,1,1,2176000,16,136,0.97475,120,Buckeye,STM_output/MATs/speech_mat_wl4_Buckeye/s3302a_MS2024.mat,Buckeye_S33,m,speech
139,data/speechCorp/Buckeye/s25/s2502b/s2502b.wav,s2502b,English-US,1,1,1920000,16,120,0.895375,120,Buckeye,STM_output/MATs/speech_mat_wl4_Buckeye/s2502b_MS2024.mat,Buckeye_S25,f,speech
140,data/speechCorp/Buckeye/s17/s1701a/s1701a.wav,s1701a,English-US,1,1,1984000,16,124,0.854875,120,Buckeye,STM_output/MATs/speech_mat_wl4_Buckeye/s1701a_MS2024.mat,Buckeye_S17,f,speech
141,data/speechCorp/Buckeye/s32/s3202b/s3202b.wav,s3202b,English-US,1,1,2048000,16,128,0.9209375,120,Buckeye,STM_output/MATs/speech_mat_wl4_Buckeye/s3202b_MS2024.mat,Buckeye_S32,m,speech
142,data/speechCorp/Buckeye/s24/s2402a/s2402a.wav,s2402a,English-US,1,1,4096000,16,256,0.954875,120,Buckeye,STM_output/MATs/speech_mat_wl4_Buckeye/s2402a_MS2024.mat,Buckeye_S24,m,speech
143,data/speechCorp/Buckeye/s16/s1601b/s1601b.wav,s1601b,English-US,1,1,1920000,16,120,0.7489375,120,Buckeye,STM_output/MATs/speech_mat_wl4_Buckeye/s1601b_MS2024.mat,Buckeye_S16,f,speech
144,data/speechCorp/Buckeye/s02/s0204b/s0204b.wav,s0204b,English-US,1,1,2176000,16,136,0.9694375,120,Buckeye,STM_output/MATs/speech_mat_wl4_Buckeye/s0204b_MS2024.mat,Buckeye_S02,f,speech
145,data/speechCorp/Buckeye/s38/s3801b/s3801b.wav,s3801b,English-US,1,1,1920000,16,120,0.72075,120,Buckeye,STM_output/MATs/speech_mat_wl4_Buckeye/s3801b_MS2024.mat,Buckeye_S38,m,speech
146,data/speechCorp/Buckeye/s03/s0304a/s0304a.wav,s0304a,English-US,1,1,1984000,16,124,0.791875,120,Buckeye,STM_output/MATs/speech_mat_wl4_Buckeye/s0304a_MS2024.mat,Buckeye_S03,m,speech
147,data/speechCorp/Buckeye/s39/s3901a/s3901a.wav,s3901a,English-US,1,1,1920000,16,120,0.69325,120,Buckeye,STM_output/MATs/speech_mat_wl4_Buckeye/s3901a_MS2024.mat,Buckeye_S39,f,speech
148,data/speechCorp/Buckeye/s14/s1403b/s1403b.wav,s1403b,English-US,1,1,2176000,16,136,0.97075,120,Buckeye,STM_output/MATs/speech_mat_wl4_Buckeye/s1403b_MS2024.mat,Buckeye_S14,f,speech
149,data/speechCorp/Buckeye/s02/s0203a/s0203a.wav,s0203a,English-US,1,1,2752000,16,172,0.936875,120,Buckeye,STM_output/MATs/speech_mat_wl4_Buckeye/s0203a_MS2024.mat,Buckeye_S02,f,speech
150,data/speechCorp/Buckeye/s15/s1503a/s1503a.wav,s1503a,English-US,1,1,1984000,16,124,0.978375,120,Buckeye,STM_output/MATs/speech_mat_wl4_Buckeye/s1503a_MS2024.mat,Buckeye_S15,m,speech
151,data/speechCorp/Buckeye/s03/s0303b/s0303b.wav,s0303b,English-US,1,1,2048000,16,128,0.844125,120,Buckeye,STM_output/MATs/speech_mat_wl4_Buckeye/s0303b_MS2024.mat,Buckeye_S03,m,speech
152,data/speechCorp/Buckeye/s07/s0703b/s0703b.wav,s0703b,English-US,1,1,2112000,16,132,0.8469375,120,Buckeye,STM_output/MATs/speech_mat_wl4_Buckeye/s0703b_MS2024.mat,Buckeye_S07,f,speech
153,data/speechCorp/Buckeye/s11/s1103a/s1103a.wav,s1103a,English-US,1,1,2496000,16,156,0.948625,120,Buckeye,STM_output/MATs/speech_mat_wl4_Buckeye/s1103a_MS2024.mat,Buckeye_S11,m,speech
154,data/speechCorp/Buckeye/s06/s0603a/s0603a.wav,s0603a,English-US,1,1,1280000,16,80,0.9809375,72,Buckeye,STM_output/MATs/speech_mat_wl4_Buckeye/s0603a_MS2024.mat,Buckeye_S06,m,speech
155,data/speechCorp/Buckeye/s10/s1003b/s1003b.wav,s1003b,English-US,1,1,1984000,16,124,0.967875,120,Buckeye,STM_output/MATs/speech_mat_wl4_Buckeye/s1003b_MS2024.mat,Buckeye_S10,m,speech
156,data/speechCorp/Buckeye/s28/s2803a/s2803a.wav,s2803a,English-US,1,1,1984000,16,124,0.98775,120,Buckeye,STM_output/MATs/speech_mat_wl4_Buckeye/s2803a_MS2024.mat,Buckeye_S28,m,speech
157,data/speechCorp/Buckeye/s29/s2903b/s2903b.wav,s2903b,English-US,1,1,2112000,16,132,0.88125,120,Buckeye,STM_output/MATs/speech_mat_wl4_Buckeye/s2903b_MS2024.mat,Buckeye_S29,m,speech
158,data/speechCorp/Buckeye/s16/s1603a/s1603a.wav,s1603a,English-US,1,1,1984000,16,124,0.899875,120,Buckeye,STM_output/MATs/speech_mat_wl4_Buckeye/s1603a_MS2024.mat,Buckeye_S16,f,speech
159,data/speechCorp/Buckeye/s01/s0103a/s0103a.wav,s0103a,English-US,1,1,1920000,16,120,0.6400625,120,Buckeye,STM_output/MATs/speech_mat_wl4_Buckeye/s0103a_MS2024.mat,Buckeye_S01,f,speech
160,data/speechCorp/Buckeye/s17/s1703b/s1703b.wav,s1703b,English-US,1,1,2048000,16,128,0.8545,120,Buckeye,STM_output/MATs/speech_mat_wl4_Buckeye/s1703b_MS2024.mat,Buckeye_S17,f,speech
161,data/speechCorp/Buckeye/s39/s3903b/s3903b.wav,s3903b,English-US,1,1,2048000,16,128,0.7879375,120,Buckeye,STM_output/MATs/speech_mat_wl4_Buckeye/s3903b_MS2024.mat,Buckeye_S39,f,speech
162,data/speechCorp/Buckeye/s38/s3803a/s3803a.wav,s3803a,English-US,1,1,1920000,16,120,0.74075,120,Buckeye,STM_output/MATs/speech_mat_wl4_Buckeye/s3803a_MS2024.mat,Buckeye_S38,m,speech
163,data/speechCorp/Buckeye/s02/s0206a/s0206a.wav,s0206a,English-US,1,1,2752000,16,172,0.9651875,120,Buckeye,STM_output/MATs/speech_mat_wl4_Buckeye/s0206a_MS2024.mat,Buckeye_S02,f,speech
164,data/speechCorp/Buckeye/s40/s4002a/s4002a.wav,s4002a,English-US,1,1,2112000,16,132,0.83825,120,Buckeye,STM_output/MATs/speech_mat_wl4_Buckeye/s4002a_MS2024.mat,Buckeye_S40,m,speech
165,data/speechCorp/Buckeye/s13/s1303b/s1303b.wav,s1303b,English-US,1,1,2176000,16,136,0.9753125,120,Buckeye,STM_output/MATs/speech_mat_wl4_Buckeye/s1303b_MS2024.mat,Buckeye_S13,m,speech
166,data/speechCorp/Buckeye/s05/s0503a/s0503a.wav,s0503a,English-US,1,1,1984000,16,124,0.963125,120,Buckeye,STM_output/MATs/speech_mat_wl4_Buckeye/s0503a_MS2024.mat,Buckeye_S05,f,speech
167,data/speechCorp/Buckeye/s12/s1203a/s1203a.wav,s1203a,English-US,1,1,1984000,16,124,0.826875,120,Buckeye,STM_output/MATs/speech_mat_wl4_Buckeye/s1203a_MS2024.mat,Buckeye_S12,f,speech
168,data/speechCorp/Buckeye/s04/s0403b/s0403b.wav,s0403b,English-US,1,1,1984000,16,124,0.8506875,120,Buckeye,STM_output/MATs/speech_mat_wl4_Buckeye/s0403b_MS2024.mat,Buckeye_S04,f,speech
169,data/speechCorp/Buckeye/s06/s0601b/s0601b.wav,s0601b,English-US,1,1,1984000,16,124,0.8743125,120,Buckeye,STM_output/MATs/speech_mat_wl4_Buckeye/s0601b_MS2024.mat,Buckeye_S06,m,speech
170,data/speechCorp/Buckeye/s34/s3402a/s3402a.wav,s3402a,English-US,1,1,1984000,16,124,0.985375,120,Buckeye,STM_output/MATs/speech_mat_wl4_Buckeye/s3402a_MS2024.mat,Buckeye_S34,m,speech
171,data/speechCorp/Buckeye/s22/s2202b/s2202b.wav,s2202b,English-US,1,1,2112000,16,132,0.982375,120,Buckeye,STM_output/MATs/speech_mat_wl4_Buckeye/s2202b_MS2024.mat,Buckeye_S22,m,speech
172,data/speechCorp/Buckeye/s10/s1001a/s1001a.wav,s1001a,English-US,1,1,1920000,16,120,0.456375,120,Buckeye,STM_output/MATs/speech_mat_wl4_Buckeye/s1001a_MS2024.mat,Buckeye_S10,m,speech
173,data/speechCorp/Buckeye/s07/s0701a/s0701a.wav,s0701a,English-US,1,1,2176000,16,136,0.917125,120,Buckeye,STM_output/MATs/speech_mat_wl4_Buckeye/s0701a_MS2024.mat,Buckeye_S07,f,speech
174,data/speechCorp/Buckeye/s35/s3502b/s3502b.wav,s3502b,English-US,1,1,2048000,16,128,0.9144375,120,Buckeye,STM_output/MATs/speech_mat_wl4_Buckeye/s3502b_MS2024.mat,Buckeye_S35,m,speech
175,data/speechCorp/Buckeye/s23/s2302a/s2302a.wav,s2302a,English-US,1,1,1920000,16,120,0.82025,120,Buckeye,STM_output/MATs/speech_mat_wl4_Buckeye/s2302a_MS2024.mat,Buckeye_S23,m,speech
176,data/speechCorp/Buckeye/s11/s1101b/s1101b.wav,s1101b,English-US,1,1,2240000,16,140,0.827125,120,Buckeye,STM_output/MATs/speech_mat_wl4_Buckeye/s1101b_MS2024.mat,Buckeye_S11,m,speech
177,data/speechCorp/Buckeye/s29/s2901a/s2901a.wav,s2901a,English-US,1,1,1920000,16,120,0.81675,120,Buckeye,STM_output/MATs/speech_mat_wl4_Buckeye/s2901a_MS2024.mat,Buckeye_S29,m,speech
178,data/speechCorp/Buckeye/s13/s1304a/s1304a.wav,s1304a,English-US,1,1,2240000,16,140,0.930375,120,Buckeye,STM_output/MATs/speech_mat_wl4_Buckeye/s1304a_MS2024.mat,Buckeye_S13,m,speech
179,data/speechCorp/Buckeye/s04/s0404a/s0404a.wav,s0404a,English-US,1,1,1984000,16,124,0.82525,120,Buckeye,STM_output/MATs/speech_mat_wl4_Buckeye/s0404a_MS2024.mat,Buckeye_S04,f,speech
180,data/speechCorp/Buckeye/s28/s2801b/s2801b.wav,s2801b,English-US,1,1,2048000,16,128,0.8366875,120,Buckeye,STM_output/MATs/speech_mat_wl4_Buckeye/s2801b_MS2024.mat,Buckeye_S28,m,speech
181,data/speechCorp/Buckeye/s15/s1501b/s1501b.wav,s1501b,English-US,1,1,1920000,16,120,0.5915625,120,Buckeye,STM_output/MATs/speech_mat_wl4_Buckeye/s1501b_MS2024.mat,Buckeye_S15,m,speech
182,data/speechCorp/Buckeye/s27/s2702a/s2702a.wav,s2702a,English-US,1,1,3264000,16,204,0.9875625,120,Buckeye,STM_output/MATs/speech_mat_wl4_Buckeye/s2702a_MS2024.mat,Buckeye_S27,f,speech
183,data/speechCorp/Buckeye/s31/s3102b/s3102b.wav,s3102b,English-US,1,1,2176000,16,136,0.8106875,120,Buckeye,STM_output/MATs/speech_mat_wl4_Buckeye/s3102b_MS2024.mat,Buckeye_S31,f,speech
184,data/speechCorp/Buckeye/s03/s0301a/s0301a.wav,s0301a,English-US,1,1,2048000,16,128,0.778125,120,Buckeye,STM_output/MATs/speech_mat_wl4_Buckeye/s0301a_MS2024.mat,Buckeye_S03,m,speech
185,data/speechCorp/Buckeye/s14/s1401a/s1401a.wav,s1401a,English-US,1,1,1984000,16,124,0.8974375,120,Buckeye,STM_output/MATs/speech_mat_wl4_Buckeye/s1401a_MS2024.mat,Buckeye_S14,f,speech
186,data/speechCorp/Buckeye/s26/s2602b/s2602b.wav,s2602b,English-US,1,1,2176000,16,136,0.87225,120,Buckeye,STM_output/MATs/speech_mat_wl4_Buckeye/s2602b_MS2024.mat,Buckeye_S26,f,speech
187,data/speechCorp/Buckeye/s30/s3002a/s3002a.wav,s3002a,English-US,1,1,2240000,16,140,0.755,120,Buckeye,STM_output/MATs/speech_mat_wl4_Buckeye/s3002a_MS2024.mat,Buckeye_S30,m,speech
188,data/speechCorp/Buckeye/s02/s0201b/s0201b.wav,s0201b,English-US,1,1,2048000,16,128,0.297,120,Buckeye,STM_output/MATs/speech_mat_wl4_Buckeye/s0201b_MS2024.mat,Buckeye_S02,f,speech
189,data/speechCorp/Buckeye/s08/s0802b/s0802b.wav,s0802b,English-US,1,1,1984000,16,124,0.7530625,120,Buckeye,STM_output/MATs/speech_mat_wl4_Buckeye/s0802b_MS2024.mat,Buckeye_S08,f,speech
190,data/speechCorp/Buckeye/s09/s0902a/s0902a.wav,s0902a,English-US,1,1,1920000,16,120,0.8396875,120,Buckeye,STM_output/MATs/speech_mat_wl4_Buckeye/s0902a_MS2024.mat,Buckeye_S09,f,speech
191,data/speechCorp/Buckeye/s08/s0801b/s0801b.wav,s0801b,English-US,1,1,1920000,16,120,0.809875,120,Buckeye,STM_output/MATs/speech_mat_wl4_Buckeye/s0801b_MS2024.mat,Buckeye_S08,f,speech
192,data/speechCorp/Buckeye/s09/s0901a/s0901a.wav,s0901a,English-US,1,1,1920000,16,120,0.5379375,120,Buckeye,STM_output/MATs/speech_mat_wl4_Buckeye/s0901a_MS2024.mat,Buckeye_S09,f,speech
193,data/speechCorp/Buckeye/s03/s0302a/s0302a.wav,s0302a,English-US,1,1,2048000,16,128,0.9598125,120,Buckeye,STM_output/MATs/speech_mat_wl4_Buckeye/s0302a_MS2024.mat,Buckeye_S03,m,speech
194,data/speechCorp/Buckeye/s31/s3101b/s3101b.wav,s3101b,English-US,1,1,2048000,16,128,0.84175,120,Buckeye,STM_output/MATs/speech_mat_wl4_Buckeye/s3101b_MS2024.mat,Buckeye_S31,f,speech
195,data/speechCorp/Buckeye/s27/s2701a/s2701a.wav,s2701a,English-US,1,1,2176000,16,136,0.999875,120,Buckeye,STM_output/MATs/speech_mat_wl4_Buckeye/s2701a_MS2024.mat,Buckeye_S27,f,speech
196,data/speechCorp/Buckeye/s15/s1502b/s1502b.wav,s1502b,English-US,1,1,1920000,16,120,0.8425625,120,Buckeye,STM_output/MATs/speech_mat_wl4_Buckeye/s1502b_MS2024.mat,Buckeye_S15,m,speech
197,data/speechCorp/Buckeye/s02/s0202b/s0202b.wav,s0202b,English-US,1,1,2240000,16,140,0.896875,120,Buckeye,STM_output/MATs/speech_mat_wl4_Buckeye/s0202b_MS2024.mat,Buckeye_S02,f,speech
198,data/speechCorp/Buckeye/s30/s3001a/s3001a.wav,s3001a,English-US,1,1,2112000,16,132,0.74525,120,Buckeye,STM_output/MATs/speech_mat_wl4_Buckeye/s3001a_MS2024.mat,Buckeye_S30,m,speech
199,data/speechCorp/Buckeye/s26/s2601b/s2601b.wav,s2601b,English-US,1,1,2112000,16,132,0.968875,120,Buckeye,STM_output/MATs/speech_mat_wl4_Buckeye/s2601b_MS2024.mat,Buckeye_S26,f,speech
200,data/speechCorp/Buckeye/s14/s1402a/s1402a.wav,s1402a,English-US,1,1,2048000,16,128,0.972125,120,Buckeye,STM_output/MATs/speech_mat_wl4_Buckeye/s1402a_MS2024.mat,Buckeye_S14,f,speech
201,data/speechCorp/Buckeye/s29/s2902a/s2902a.wav,s2902a,English-US,1,1,1920000,16,120,0.714625,120,Buckeye,STM_output/MATs/speech_mat_wl4_Buckeye/s2902a_MS2024.mat,Buckeye_S29,m,speech
202,data/speechCorp/Buckeye/s20/s2004a/s2004a.wav,s2004a,English-US,1,1,1920000,16,120,0.94175,120,Buckeye,STM_output/MATs/speech_mat_wl4_Buckeye/s2004a_MS2024.mat,Buckeye_S20,f,speech
203,data/speechCorp/Buckeye/s28/s2802b/s2802b.wav,s2802b,English-US,1,1,1920000,16,120,0.9065625,120,Buckeye,STM_output/MATs/speech_mat_wl4_Buckeye/s2802b_MS2024.mat,Buckeye_S28,m,speech
204,data/speechCorp/Buckeye/s10/s1002a/s1002a.wav,s1002a,English-US,1,1,1920000,16,120,0.00775,120,Buckeye,STM_output/MATs/speech_mat_wl4_Buckeye/s1002a_MS2024.mat,Buckeye_S10,m,speech
205,data/speechCorp/Buckeye/s22/s2201b/s2201b.wav,s2201b,English-US,1,1,2048000,16,128,0.8514375,120,Buckeye,STM_output/MATs/speech_mat_wl4_Buckeye/s2201b_MS2024.mat,Buckeye_S22,m,speech
206,data/speechCorp/Buckeye/s34/s3401a/s3401a.wav,s3401a,English-US,1,1,2048000,16,128,0.8834375,120,Buckeye,STM_output/MATs/speech_mat_wl4_Buckeye/s3401a_MS2024.mat,Buckeye_S34,m,speech
207,data/speechCorp/Buckeye/s06/s0602b/s0602b.wav,s0602b,English-US,1,1,2240000,16,140,0.722875,120,Buckeye,STM_output/MATs/speech_mat_wl4_Buckeye/s0602b_MS2024.mat,Buckeye_S06,m,speech
208,data/speechCorp/Buckeye/s11/s1102b/s1102b.wav,s1102b,English-US,1,1,2368000,16,148,0.99275,120,Buckeye,STM_output/MATs/speech_mat_wl4_Buckeye/s1102b_MS2024.mat,Buckeye_S11,m,speech
209,data/speechCorp/Buckeye/s23/s2301a/s2301a.wav,s2301a,English-US,1,1,1984000,16,124,0.9609375,120,Buckeye,STM_output/MATs/speech_mat_wl4_Buckeye/s2301a_MS2024.mat,Buckeye_S23,m,speech
210,data/speechCorp/Buckeye/s19/s1904a/s1904a.wav,s1904a,English-US,1,1,3008000,16,188,0.943375,120,Buckeye,STM_output/MATs/speech_mat_wl4_Buckeye/s1904a_MS2024.mat,Buckeye_S19,m,speech
211,data/speechCorp/Buckeye/s35/s3501b/s3501b.wav,s3501b,English-US,1,1,2048000,16,128,0.81825,120,Buckeye,STM_output/MATs/speech_mat_wl4_Buckeye/s3501b_MS2024.mat,Buckeye_S35,m,speech
212,data/speechCorp/Buckeye/s07/s0702a/s0702a.wav,s0702a,English-US,1,1,2048000,16,128,0.8753125,120,Buckeye,STM_output/MATs/speech_mat_wl4_Buckeye/s0702a_MS2024.mat,Buckeye_S07,f,speech
213,data/speechCorp/Buckeye/s18/s1803a/s1803a.wav,s1803a,English-US,1,1,1920000,16,120,0.9031875,120,Buckeye,STM_output/MATs/speech_mat_wl4_Buckeye/s1803a_MS2024.mat,Buckeye_S18,f,speech
214,data/speechCorp/Buckeye/s19/s1903b/s1903b.wav,s1903b,English-US,1,1,2240000,16,140,0.8731875,120,Buckeye,STM_output/MATs/speech_mat_wl4_Buckeye/s1903b_MS2024.mat,Buckeye_S19,m,speech
215,data/speechCorp/Buckeye/s37/s3703b/s3703b.wav,s3703b,English-US,1,1,2944000,16,184,0.8888125,120,Buckeye,STM_output/MATs/speech_mat_wl4_Buckeye/s3703b_MS2024.mat,Buckeye_S37,f,speech
216,data/speechCorp/Buckeye/s40/s4001a/s4001a.wav,s4001a,English-US,1,1,2368000,16,148,0.8868125,120,Buckeye,STM_output/MATs/speech_mat_wl4_Buckeye/s4001a_MS2024.mat,Buckeye_S40,m,speech
217,data/speechCorp/Buckeye/s36/s3603a/s3603a.wav,s3603a,English-US,1,1,2048000,16,128,0.9920625,120,Buckeye,STM_output/MATs/speech_mat_wl4_Buckeye/s3603a_MS2024.mat,Buckeye_S36,m,speech
218,data/speechCorp/Buckeye/s20/s2003b/s2003b.wav,s2003b,English-US,1,1,2112000,16,132,0.9465,120,Buckeye,STM_output/MATs/speech_mat_wl4_Buckeye/s2003b_MS2024.mat,Buckeye_S20,f,speech
219,data/speechCorp/Buckeye/s03/s0305b/s0305b.wav,s0305b,English-US,1,1,2048000,16,128,0.9569375,120,Buckeye,STM_output/MATs/speech_mat_wl4_Buckeye/s0305b_MS2024.mat,Buckeye_S03,m,speech
220,data/speechCorp/Buckeye/s02/s0205a/s0205a.wav,s0205a,English-US,1,1,1984000,16,124,0.86075,120,Buckeye,STM_output/MATs/speech_mat_wl4_Buckeye/s0205a_MS2024.mat,Buckeye_S02,f,speech
221,data/speechCorp/Buckeye/s24/s2403b/s2403b.wav,s2403b,English-US,1,1,2688000,16,168,0.98625,120,Buckeye,STM_output/MATs/speech_mat_wl4_Buckeye/s2403b_MS2024.mat,Buckeye_S24,m,speech
222,data/speechCorp/Buckeye/s25/s2503a/s2503a.wav,s2503a,English-US,1,1,1984000,16,124,0.758125,120,Buckeye,STM_output/MATs/speech_mat_wl4_Buckeye/s2503a_MS2024.mat,Buckeye_S25,f,speech
223,data/speechCorp/Buckeye/s33/s3303b/s3303b.wav,s3303b,English-US,1,1,2688000,16,168,0.9915,120,Buckeye,STM_output/MATs/speech_mat_wl4_Buckeye/s3303b_MS2024.mat,Buckeye_S33,m,speech
224,data/speechCorp/Buckeye/s40/s4004a/s4004a.wav,s4004a,English-US,1,1,1472000,16,92,0.956125,72,Buckeye,STM_output/MATs/speech_mat_wl4_Buckeye/s4004a_MS2024.mat,Buckeye_S40,m,speech
225,data/speechCorp/Buckeye/s23/s2303b/s2303b.wav,s2303b,English-US,1,1,1920000,16,120,0.8705625,120,Buckeye,STM_output/MATs/speech_mat_wl4_Buckeye/s2303b_MS2024.mat,Buckeye_S23,m,speech
226,data/speechCorp/Buckeye/s35/s3503a/s3503a.wav,s3503a,English-US,1,1,2240000,16,140,0.934875,120,Buckeye,STM_output/MATs/speech_mat_wl4_Buckeye/s3503a_MS2024.mat,Buckeye_S35,m,speech
227,data/speechCorp/Buckeye/s22/s2203a/s2203a.wav,s2203a,English-US,1,1,2176000,16,136,0.9874375,120,Buckeye,STM_output/MATs/speech_mat_wl4_Buckeye/s2203a_MS2024.mat,Buckeye_S22,m,speech
228,data/speechCorp/Buckeye/s34/s3403b/s3403b.wav,s3403b,English-US,1,1,2112000,16,132,0.864375,120,Buckeye,STM_output/MATs/speech_mat_wl4_Buckeye/s3403b_MS2024.mat,Buckeye_S34,m,speech
229,data/speechCorp/Buckeye/s09/s0903b/s0903b.wav,s0903b,English-US,1,1,2048000,16,128,0.785625,120,Buckeye,STM_output/MATs/speech_mat_wl4_Buckeye/s0903b_MS2024.mat,Buckeye_S09,f,speech
230,data/speechCorp/Buckeye/s08/s0803a/s0803a.wav,s0803a,English-US,1,1,1920000,16,120,0.8693125,120,Buckeye,STM_output/MATs/speech_mat_wl4_Buckeye/s0803a_MS2024.mat,Buckeye_S08,f,speech
231,data/speechCorp/Buckeye/s26/s2603a/s2603a.wav,s2603a,English-US,1,1,2304000,16,144,0.8765625,120,Buckeye,STM_output/MATs/speech_mat_wl4_Buckeye/s2603a_MS2024.mat,Buckeye_S26,f,speech
232,data/speechCorp/Buckeye/s31/s3103a/s3103a.wav,s3103a,English-US,1,1,2240000,16,140,0.9975625,120,Buckeye,STM_output/MATs/speech_mat_wl4_Buckeye/s3103a_MS2024.mat,Buckeye_S31,f,speech
233,data/speechCorp/Buckeye/s27/s2703b/s2703b.wav,s2703b,English-US,1,1,2816000,16,176,0.991,120,Buckeye,STM_output/MATs/speech_mat_wl4_Buckeye/s2703b_MS2024.mat,Buckeye_S27,f,speech
234,data/speechCorp/Buckeye/s38/s3802b/s3802b.wav,s3802b,English-US,1,1,1920000,16,120,0.74625,120,Buckeye,STM_output/MATs/speech_mat_wl4_Buckeye/s3802b_MS2024.mat,Buckeye_S38,m,speech
235,data/speechCorp/Buckeye/s27/s2704a/s2704a.wav,s2704a,English-US,1,1,2240000,16,140,0.9916875,120,Buckeye,STM_output/MATs/speech_mat_wl4_Buckeye/s2704a_MS2024.mat,Buckeye_S27,f,speech
236,data/speechCorp/Buckeye/s39/s3902a/s3902a.wav,s3902a,English-US,1,1,1984000,16,124,0.7908125,120,Buckeye,STM_output/MATs/speech_mat_wl4_Buckeye/s3902a_MS2024.mat,Buckeye_S39,f,speech
237,data/speechCorp/Buckeye/s17/s1702a/s1702a.wav,s1702a,English-US,1,1,2304000,16,144,0.9581875,120,Buckeye,STM_output/MATs/speech_mat_wl4_Buckeye/s1702a_MS2024.mat,Buckeye_S17,f,speech
238,data/speechCorp/Buckeye/s25/s2501b/s2501b.wav,s2501b,English-US,1,1,2176000,16,136,0.839625,120,Buckeye,STM_output/MATs/speech_mat_wl4_Buckeye/s2501b_MS2024.mat,Buckeye_S25,f,speech
239,data/speechCorp/Buckeye/s33/s3301a/s3301a.wav,s3301a,English-US,1,1,2240000,16,140,0.9405,120,Buckeye,STM_output/MATs/speech_mat_wl4_Buckeye/s3301a_MS2024.mat,Buckeye_S33,m,speech
240,data/speechCorp/Buckeye/s01/s0102b/s0102b.wav,s0102b,English-US,1,1,1984000,16,124,0.8333125,120,Buckeye,STM_output/MATs/speech_mat_wl4_Buckeye/s0102b_MS2024.mat,Buckeye_S01,f,speech
241,data/speechCorp/Buckeye/s16/s1602b/s1602b.wav,s1602b,English-US,1,1,2304000,16,144,0.7253125,120,Buckeye,STM_output/MATs/speech_mat_wl4_Buckeye/s1602b_MS2024.mat,Buckeye_S16,f,speech
242,data/speechCorp/Buckeye/s24/s2401a/s2401a.wav,s2401a,English-US,1,1,2752000,16,172,0.974625,120,Buckeye,STM_output/MATs/speech_mat_wl4_Buckeye/s2401a_MS2024.mat,Buckeye_S24,m,speech
243,data/speechCorp/Buckeye/s32/s3201b/s3201b.wav,s3201b,English-US,1,1,1984000,16,124,0.6900625,120,Buckeye,STM_output/MATs/speech_mat_wl4_Buckeye/s3201b_MS2024.mat,Buckeye_S32,m,speech
244,data/speechCorp/Buckeye/s19/s1901a/s1901a.wav,s1901a,English-US,1,1,2112000,16,132,0.81925,120,Buckeye,STM_output/MATs/speech_mat_wl4_Buckeye/s1901a_MS2024.mat,Buckeye_S19,m,speech
245,data/speechCorp/Buckeye/s18/s1801b/s1801b.wav,s1801b,English-US,1,1,2048000,16,128,0.921125,120,Buckeye,STM_output/MATs/speech_mat_wl4_Buckeye/s1801b_MS2024.mat,Buckeye_S18,f,speech
246,data/speechCorp/Buckeye/s04/s0402a/s0402a.wav,s0402a,English-US,1,1,2048000,16,128,0.9885,120,Buckeye,STM_output/MATs/speech_mat_wl4_Buckeye/s0402a_MS2024.mat,Buckeye_S04,f,speech
247,data/speechCorp/Buckeye/s36/s3601b/s3601b.wav,s3601b,English-US,1,1,2112000,16,132,0.923125,120,Buckeye,STM_output/MATs/speech_mat_wl4_Buckeye/s3601b_MS2024.mat,Buckeye_S36,m,speech
248,data/speechCorp/Buckeye/s20/s2001a/s2001a.wav,s2001a,English-US,1,1,1984000,16,124,0.6079375,120,Buckeye,STM_output/MATs/speech_mat_wl4_Buckeye/s2001a_MS2024.mat,Buckeye_S20,f,speech
249,data/speechCorp/Buckeye/s12/s1202b/s1202b.wav,s1202b,English-US,1,1,1984000,16,124,0.9160625,120,Buckeye,STM_output/MATs/speech_mat_wl4_Buckeye/s1202b_MS2024.mat,Buckeye_S12,f,speech
250,data/speechCorp/Buckeye/s05/s0502b/s0502b.wav,s0502b,English-US,1,1,1920000,16,120,0.7385625,120,Buckeye,STM_output/MATs/speech_mat_wl4_Buckeye/s0502b_MS2024.mat,Buckeye_S05,f,speech
251,data/speechCorp/Buckeye/s37/s3701a/s3701a.wav,s3701a,English-US,1,1,2560000,16,160,0.9554375,120,Buckeye,STM_output/MATs/speech_mat_wl4_Buckeye/s3701a_MS2024.mat,Buckeye_S37,f,speech
252,data/speechCorp/Buckeye/s21/s2101b/s2101b.wav,s2101b,English-US,1,1,1920000,16,120,0.8888125,120,Buckeye,STM_output/MATs/speech_mat_wl4_Buckeye/s2101b_MS2024.mat,Buckeye_S21,f,speech
253,data/speechCorp/Buckeye/s13/s1302a/s1302a.wav,s1302a,English-US,1,1,1984000,16,124,0.95925,120,Buckeye,STM_output/MATs/speech_mat_wl4_Buckeye/s1302a_MS2024.mat,Buckeye_S13,m,speech
254,data/speechCorp/Buckeye/s40/s4003b/s4003b.wav,s4003b,English-US,1,1,2432000,16,152,0.9934375,120,Buckeye,STM_output/MATs/speech_mat_wl4_Buckeye/s4003b_MS2024.mat,Buckeye_S40,m,speech
