,filepath,filename,LangOrInstru,VoiOrNot,startPoint,endPoint,FSkhz,expdur,maxsil,totalLengCur,corpus,mat_filename,speaker/artist,gender,genre
0,data/musicCorp/GarlandEncyclopedia/52 Marquesan Pig Dance (Maha_u).mp3,52 Marquesan Pig Dance (Maha_u),,1,1,2116800,44.1,48,0.48210884353741496,48,GarlandEncyclopedia,STM_output/MATs/music_mat_wl4_GarlandEncyclopedia/52 Marquesan Pig Dance (Maha_u)_MS2024.mat,52 Marquesan Pig Dance (Maha_u),,world
1,data/musicCorp/GarlandEncyclopedia/02 Ethiopian Lidet Celebration.mp3,02 Ethiopian Lidet Celebration,,1,1,5292000,44.1,120,0.780907029478458,120,GarlandEncyclopedia,STM_output/MATs/music_mat_wl4_GarlandEncyclopedia/02 Ethiopian Lidet Celebration_MS2024.mat,02 Ethiopian Lidet Celebration,,world
2,data/musicCorp/GarlandEncyclopedia/28 A La Claire Fontaine.mp3,28 A La Claire Fontaine,,1,1,4233600,44.1,96,0.3787981859410431,92,GarlandEncyclopedia,STM_output/MATs/music_mat_wl4_GarlandEncyclopedia/28 A La Claire Fontaine_MS2024.mat,28 A La Claire Fontaine,,world
3,data/musicCorp/GarlandEncyclopedia/8-07 Wales_ Penillion.mp3,8-07 Wales_ Penillion,,1,1,3880800,44.1,88,0.8778231292517007,88,GarlandEncyclopedia,STM_output/MATs/music_mat_wl4_GarlandEncyclopedia/8-07 Wales_ Penillion_MS2024.mat,8-07 Wales_ Penillion,,world
4,data/musicCorp/GarlandEncyclopedia/20 Yemeni Vocal Music With Lute Accompaniment.mp3,20 Yemeni Vocal Music With Lute Accompaniment,,1,1,5292000,44.1,120,0.3653061224489796,120,GarlandEncyclopedia,STM_output/MATs/music_mat_wl4_GarlandEncyclopedia/20 Yemeni Vocal Music With Lute Accompaniment_MS2024.mat,20 Yemeni Vocal Music With Lute Accompaniment,,world
5,data/musicCorp/GarlandEncyclopedia/08 Maninka Mansarch Prase Song.mp3,08 Maninka Mansarch Prase Song,,1,1,5292000,44.1,120,0.45938775510204083,120,GarlandEncyclopedia,STM_output/MATs/music_mat_wl4_GarlandEncyclopedia/08 Maninka Mansarch Prase Song_MS2024.mat,08 Maninka Mansarch Prase Song,,world
6,"data/musicCorp/GarlandEncyclopedia/19 Women_s Devotional Song, Rajastan.mp3","19 Women_s Devotional Song, Rajastan",,1,1,3351600,44.1,76,0.38029478458049887,72,GarlandEncyclopedia,"STM_output/MATs/music_mat_wl4_GarlandEncyclopedia/19 Women_s Devotional Song, Rajastan_MS2024.mat","19 Women_s Devotional Song, Rajastan",,world
7,data/musicCorp/GarlandEncyclopedia/22 Something About Me Today.mp3,22 Something About Me Today,,1,1,5292000,44.1,120,0.3183219954648526,120,GarlandEncyclopedia,STM_output/MATs/music_mat_wl4_GarlandEncyclopedia/22 Something About Me Today_MS2024.mat,22 Something About Me Today,,world
8,data/musicCorp/GarlandEncyclopedia/21 Shona Ancestral Spirit Song.mp3,21 Shona Ancestral Spirit Song,,1,1,5292000,44.1,120,0.2777551020408163,120,GarlandEncyclopedia,STM_output/MATs/music_mat_wl4_GarlandEncyclopedia/21 Shona Ancestral Spirit Song_MS2024.mat,21 Shona Ancestral Spirit Song,,world
9,data/musicCorp/GarlandEncyclopedia/05 Palm Wine Highlife Song.mp3,05 Palm Wine Highlife Song,,1,1,5292000,44.1,120,0.5360090702947846,120,GarlandEncyclopedia,STM_output/MATs/music_mat_wl4_GarlandEncyclopedia/05 Palm Wine Highlife Song_MS2024.mat,05 Palm Wine Highlife Song,,world
10,"data/musicCorp/GarlandEncyclopedia/26 Sounds Of Large And Smell Friction Blocks, A Swung Slat, Ribbon Reeds, And Huma.mp3","26 Sounds Of Large And Smell Friction Blocks, A Swung Slat, Ribbon Reeds, And Huma",,0,1,1587600,44.1,36,0.3991156462585034,36,GarlandEncyclopedia,"STM_output/MATs/music_mat_wl4_GarlandEncyclopedia/26 Sounds Of Large And Smell Friction Blocks, A Swung Slat, Ribbon Reeds, And Huma_MS2024.mat","26 Sounds Of Large And Smell Friction Blocks, A Swung Slat, Ribbon Reeds, And Huma",,world
11,data/musicCorp/GarlandEncyclopedia/17 My Friends Are In The Country.mp3,17 My Friends Are In The Country,,1,1,5115600,44.1,116,0.1635374149659864,116,GarlandEncyclopedia,STM_output/MATs/music_mat_wl4_GarlandEncyclopedia/17 My Friends Are In The Country_MS2024.mat,17 My Friends Are In The Country,,world
12,data/musicCorp/GarlandEncyclopedia/10 Excerpt From Pi-P_a-chi _The History Of The Lute Playing_.mp3,10 Excerpt From Pi-P_a-chi _The History Of The Lute Playing_,,1,1,5292000,44.1,120,0.38571428571428573,120,GarlandEncyclopedia,STM_output/MATs/music_mat_wl4_GarlandEncyclopedia/10 Excerpt From Pi-P_a-chi _The History Of The Lute Playing__MS2024.mat,10 Excerpt From Pi-P_a-chi _The History Of The Lute Playing_,,world
13,"data/musicCorp/GarlandEncyclopedia/27 Decknni Dance Song _Borieche Tari_ _Borim Boatman_, Goa.mp3","27 Decknni Dance Song _Borieche Tari_ _Borim Boatman_, Goa",,1,1,4762800,44.1,108,0.3227891156462585,104,GarlandEncyclopedia,"STM_output/MATs/music_mat_wl4_GarlandEncyclopedia/27 Decknni Dance Song _Borieche Tari_ _Borim Boatman_, Goa_MS2024.mat","27 Decknni Dance Song _Borieche Tari_ _Borim Boatman_, Goa",,world
14,data/musicCorp/GarlandEncyclopedia/8-15 Faroe Islands.mp3,8-15 Faroe Islands,,1,1,3351600,44.1,76,0.1790249433106576,76,GarlandEncyclopedia,STM_output/MATs/music_mat_wl4_GarlandEncyclopedia/8-15 Faroe Islands_MS2024.mat,8-15 Faroe Islands,,world
15,data/musicCorp/GarlandEncyclopedia/8-24 Swiss Alphorn Trio.mp3,8-24 Swiss Alphorn Trio,,0,1,4410000,44.1,100,0.9943764172335601,100,GarlandEncyclopedia,STM_output/MATs/music_mat_wl4_GarlandEncyclopedia/8-24 Swiss Alphorn Trio_MS2024.mat,8-24 Swiss Alphorn Trio,,world
16,data/musicCorp/GarlandEncyclopedia/02 Chinese Ensemble With Song _Chung We Meng_ (Thailand).mp3,02 Chinese Ensemble With Song _Chung We Meng_ (Thailand),,0,1,5292000,44.1,120,0.4717233560090703,120,GarlandEncyclopedia,STM_output/MATs/music_mat_wl4_GarlandEncyclopedia/02 Chinese Ensemble With Song _Chung We Meng_ (Thailand)_MS2024.mat,02 Chinese Ensemble With Song _Chung We Meng_ (Thailand),,world
17,data/musicCorp/GarlandEncyclopedia/07 Hsiu Ho Pao [Xiu Hebao] _An Embroidered Purse_.mp3,07 Hsiu Ho Pao [Xiu Hebao] _An Embroidered Purse_,,0,1,5292000,44.1,120,0.14988662131519273,120,GarlandEncyclopedia,STM_output/MATs/music_mat_wl4_GarlandEncyclopedia/07 Hsiu Ho Pao [Xiu Hebao] _An Embroidered Purse__MS2024.mat,07 Hsiu Ho Pao [Xiu Hebao] _An Embroidered Purse_,,world
18,data/musicCorp/GarlandEncyclopedia/28 Benjo _keyed Zither_ Performance In Balochistan.mp3,28 Benjo _keyed Zither_ Performance In Balochistan,,0,1,5292000,44.1,120,0.24417233560090704,120,GarlandEncyclopedia,STM_output/MATs/music_mat_wl4_GarlandEncyclopedia/28 Benjo _keyed Zither_ Performance In Balochistan_MS2024.mat,28 Benjo _keyed Zither_ Performance In Balochistan,,world
19,data/musicCorp/GarlandEncyclopedia/33 Cherwick _Hutsulka_.mp3,33 Cherwick _Hutsulka_,,0,1,4586400,44.1,104,0.6067573696145124,100,GarlandEncyclopedia,STM_output/MATs/music_mat_wl4_GarlandEncyclopedia/33 Cherwick _Hutsulka__MS2024.mat,33 Cherwick _Hutsulka_,,world
20,data/musicCorp/GarlandEncyclopedia/03 Kyal Ang Gat.mp3,03 Kyal Ang Gat,,0,1,5292000,44.1,120,0.2651473922902494,120,GarlandEncyclopedia,STM_output/MATs/music_mat_wl4_GarlandEncyclopedia/03 Kyal Ang Gat_MS2024.mat,03 Kyal Ang Gat,,world
21,data/musicCorp/GarlandEncyclopedia/8-05 Basque Improvised Verse.mp3,8-05 Basque Improvised Verse,,1,1,2646000,44.1,60,0.07174603174603175,60,GarlandEncyclopedia,STM_output/MATs/music_mat_wl4_GarlandEncyclopedia/8-05 Basque Improvised Verse_MS2024.mat,8-05 Basque Improvised Verse,,world
22,"data/musicCorp/GarlandEncyclopedia/31 Pashtun Wedding Song, _Yaqorban_ _i Sacrifice Myself For You_ Of Southeastern A.mp3","31 Pashtun Wedding Song, _Yaqorban_ _i Sacrifice Myself For You_ Of Southeastern A",,1,1,5292000,44.1,120,0.23804988662131518,120,GarlandEncyclopedia,"STM_output/MATs/music_mat_wl4_GarlandEncyclopedia/31 Pashtun Wedding Song, _Yaqorban_ _i Sacrifice Myself For You_ Of Southeastern A_MS2024.mat","31 Pashtun Wedding Song, _Yaqorban_ _i Sacrifice Myself For You_ Of Southeastern A",,world
23,"data/musicCorp/GarlandEncyclopedia/50 _E A Te Talatala Ni Matala Mai Haahine_ (As To The Tale The Women Told), Sikaia.mp3","50 _E A Te Talatala Ni Matala Mai Haahine_ (As To The Tale The Women Told), Sikaia",,1,1,2116800,44.1,48,0.39086167800453514,48,GarlandEncyclopedia,"STM_output/MATs/music_mat_wl4_GarlandEncyclopedia/50 _E A Te Talatala Ni Matala Mai Haahine_ (As To The Tale The Women Told), Sikaia_MS2024.mat","50 _E A Te Talatala Ni Matala Mai Haahine_ (As To The Tale The Women Told), Sikaia",,world
24,data/musicCorp/GarlandEncyclopedia/32 Moroccan Jewish Song.mp3,32 Moroccan Jewish Song,,1,1,4233600,44.1,96,0.370702947845805,92,GarlandEncyclopedia,STM_output/MATs/music_mat_wl4_GarlandEncyclopedia/32 Moroccan Jewish Song_MS2024.mat,32 Moroccan Jewish Song,,world
25,data/musicCorp/GarlandEncyclopedia/14 Tongan Formal Dance-Song (Lakalaka).mp3,14 Tongan Formal Dance-Song (Lakalaka),,1,1,3880800,44.1,88,0.41058956916099776,84,GarlandEncyclopedia,STM_output/MATs/music_mat_wl4_GarlandEncyclopedia/14 Tongan Formal Dance-Song (Lakalaka)_MS2024.mat,14 Tongan Formal Dance-Song (Lakalaka),,world
26,"data/musicCorp/GarlandEncyclopedia/01 My Little Annie, So Sweet.mp3","01 My Little Annie, So Sweet",,1,1,5468400,44.1,124,0.004467120181405895,120,GarlandEncyclopedia,"STM_output/MATs/music_mat_wl4_GarlandEncyclopedia/01 My Little Annie, So Sweet_MS2024.mat","01 My Little Annie, So Sweet",,world
27,data/musicCorp/GarlandEncyclopedia/37 Rara Instrumental Music.mp3,37 Rara Instrumental Music,,0,1,4586400,44.1,104,0.33927437641723357,100,GarlandEncyclopedia,STM_output/MATs/music_mat_wl4_GarlandEncyclopedia/37 Rara Instrumental Music_MS2024.mat,37 Rara Instrumental Music,,world
28,data/musicCorp/GarlandEncyclopedia/13 Basoga Lusoga Song.mp3,13 Basoga Lusoga Song,,1,1,5292000,44.1,120,0.820702947845805,120,GarlandEncyclopedia,STM_output/MATs/music_mat_wl4_GarlandEncyclopedia/13 Basoga Lusoga Song_MS2024.mat,13 Basoga Lusoga Song,,world
29,data/musicCorp/GarlandEncyclopedia/36 _Ri Daula_ Tigak Shark-Catching Song.mp3,36 _Ri Daula_ Tigak Shark-Catching Song,,1,1,2646000,44.1,60,0.8276643990929705,60,GarlandEncyclopedia,STM_output/MATs/music_mat_wl4_GarlandEncyclopedia/36 _Ri Daula_ Tigak Shark-Catching Song_MS2024.mat,36 _Ri Daula_ Tigak Shark-Catching Song,,world
30,data/musicCorp/GarlandEncyclopedia/05 Sikuriada (Music For Siku Panpipes).mp3,05 Sikuriada (Music For Siku Panpipes),,0,1,3880800,44.1,88,0.46226757369614513,84,GarlandEncyclopedia,STM_output/MATs/music_mat_wl4_GarlandEncyclopedia/05 Sikuriada (Music For Siku Panpipes)_MS2024.mat,05 Sikuriada (Music For Siku Panpipes),,world
31,data/musicCorp/GarlandEncyclopedia/07 Rapa Nui String-Figure Song (Pata_ Uta_ U).mp3,07 Rapa Nui String-Figure Song (Pata_ Uta_ U),,1,1,1058400,44.1,24,0.5061678004535147,24,GarlandEncyclopedia,STM_output/MATs/music_mat_wl4_GarlandEncyclopedia/07 Rapa Nui String-Figure Song (Pata_ Uta_ U)_MS2024.mat,07 Rapa Nui String-Figure Song (Pata_ Uta_ U),,world
32,data/musicCorp/GarlandEncyclopedia/04 Salaw Seung Pi Ensemble (Northern Thailand).mp3,04 Salaw Seung Pi Ensemble (Northern Thailand),,0,1,5292000,44.1,120,0.368140589569161,120,GarlandEncyclopedia,STM_output/MATs/music_mat_wl4_GarlandEncyclopedia/04 Salaw Seung Pi Ensemble (Northern Thailand)_MS2024.mat,04 Salaw Seung Pi Ensemble (Northern Thailand),,world
33,data/musicCorp/GarlandEncyclopedia/05 Beautiful Dreamer.mp3,05 Beautiful Dreamer,,1,1,5292000,44.1,120,0.6115873015873016,120,GarlandEncyclopedia,STM_output/MATs/music_mat_wl4_GarlandEncyclopedia/05 Beautiful Dreamer_MS2024.mat,05 Beautiful Dreamer,,world
34,data/musicCorp/GarlandEncyclopedia/13 Devi Amba Ro Dhak.mp3,13 Devi Amba Ro Dhak,,1,1,5292000,44.1,120,0.28965986394557824,120,GarlandEncyclopedia,STM_output/MATs/music_mat_wl4_GarlandEncyclopedia/13 Devi Amba Ro Dhak_MS2024.mat,13 Devi Amba Ro Dhak,,world
35,data/musicCorp/GarlandEncyclopedia/53 Maori Bellicose Dance-Song (Haka).mp3,53 Maori Bellicose Dance-Song (Haka),,1,1,4057200,44.1,92,0.4704081632653061,92,GarlandEncyclopedia,STM_output/MATs/music_mat_wl4_GarlandEncyclopedia/53 Maori Bellicose Dance-Song (Haka)_MS2024.mat,53 Maori Bellicose Dance-Song (Haka),,world
36,data/musicCorp/GarlandEncyclopedia/49 Samoan Store-Bought Ukulele.mp3,49 Samoan Store-Bought Ukulele,,0,1,1411200,44.1,32,0.3906575963718821,32,GarlandEncyclopedia,STM_output/MATs/music_mat_wl4_GarlandEncyclopedia/49 Samoan Store-Bought Ukulele_MS2024.mat,49 Samoan Store-Bought Ukulele,,world
37,"data/musicCorp/GarlandEncyclopedia/25 _Zancudito,_ Hatajo De Negritos.mp3","25 _Zancudito,_ Hatajo De Negritos",,1,1,5292000,44.1,120,0.2643537414965986,120,GarlandEncyclopedia,"STM_output/MATs/music_mat_wl4_GarlandEncyclopedia/25 _Zancudito,_ Hatajo De Negritos_MS2024.mat","25 _Zancudito,_ Hatajo De Negritos",,world
38,data/musicCorp/GarlandEncyclopedia/19 Song By Blind Rondador (Panpipe) Player.mp3,19 Song By Blind Rondador (Panpipe) Player,,1,1,2646000,44.1,60,0.2515419501133787,56,GarlandEncyclopedia,STM_output/MATs/music_mat_wl4_GarlandEncyclopedia/19 Song By Blind Rondador (Panpipe) Player_MS2024.mat,19 Song By Blind Rondador (Panpipe) Player,,world
39,"data/musicCorp/GarlandEncyclopedia/26 _Gharibi_ Lyric Song Of Khorasan Province, Iran.mp3","26 _Gharibi_ Lyric Song Of Khorasan Province, Iran",,1,1,5997600,44.1,136,0.6385034013605442,120,GarlandEncyclopedia,"STM_output/MATs/music_mat_wl4_GarlandEncyclopedia/26 _Gharibi_ Lyric Song Of Khorasan Province, Iran_MS2024.mat","26 _Gharibi_ Lyric Song Of Khorasan Province, Iran",,world
40,data/musicCorp/GarlandEncyclopedia/8-12 Norway_ Telemark _Leaping Dance_.mp3,8-12 Norway_ Telemark _Leaping Dance_,,0,1,3880800,44.1,88,0.08671201814058957,84,GarlandEncyclopedia,STM_output/MATs/music_mat_wl4_GarlandEncyclopedia/8-12 Norway_ Telemark _Leaping Dance__MS2024.mat,8-12 Norway_ Telemark _Leaping Dance_,,world
41,data/musicCorp/GarlandEncyclopedia/24 Tikuzen Biwa_ Excerpt From Tyusingura [More Commonly Chushingura].mp3,24 Tikuzen Biwa_ Excerpt From Tyusingura [More Commonly Chushingura],,1,1,5292000,44.1,120,0.990453514739229,120,GarlandEncyclopedia,STM_output/MATs/music_mat_wl4_GarlandEncyclopedia/24 Tikuzen Biwa_ Excerpt From Tyusingura [More Commonly Chushingura]_MS2024.mat,24 Tikuzen Biwa_ Excerpt From Tyusingura [More Commonly Chushingura],,world
42,data/musicCorp/GarlandEncyclopedia/14 Forro Do Pife (Forro For Banda De Pifanos).mp3,14 Forro Do Pife (Forro For Banda De Pifanos),,0,1,4939200,44.1,112,0.25145124716553285,108,GarlandEncyclopedia,STM_output/MATs/music_mat_wl4_GarlandEncyclopedia/14 Forro Do Pife (Forro For Banda De Pifanos)_MS2024.mat,14 Forro Do Pife (Forro For Banda De Pifanos),,world
43,data/musicCorp/GarlandEncyclopedia/07 Personal Song.mp3,07 Personal Song,,1,1,1940400,44.1,44,0.41054421768707483,44,GarlandEncyclopedia,STM_output/MATs/music_mat_wl4_GarlandEncyclopedia/07 Personal Song_MS2024.mat,07 Personal Song,,world
44,data/musicCorp/GarlandEncyclopedia/32 Usarufa Blood-Song (Naa-Ima).mp3,32 Usarufa Blood-Song (Naa-Ima),,1,1,3704400,44.1,84,0.957687074829932,80,GarlandEncyclopedia,STM_output/MATs/music_mat_wl4_GarlandEncyclopedia/32 Usarufa Blood-Song (Naa-Ima)_MS2024.mat,32 Usarufa Blood-Song (Naa-Ima),,world
45,data/musicCorp/GarlandEncyclopedia/16 North Indian Kathak Dance Syllables.mp3,16 North Indian Kathak Dance Syllables,,1,1,3880800,44.1,88,0.36179138321995463,88,GarlandEncyclopedia,STM_output/MATs/music_mat_wl4_GarlandEncyclopedia/16 North Indian Kathak Dance Syllables_MS2024.mat,16 North Indian Kathak Dance Syllables,,world
46,"data/musicCorp/GarlandEncyclopedia/13 _E Bonito Cantar_ (_Singing Is Beautiful_), Cantoria Of The Embolada Genre.mp3","13 _E Bonito Cantar_ (_Singing Is Beautiful_), Cantoria Of The Embolada Genre",,1,1,4057200,44.1,92,0.2546938775510204,88,GarlandEncyclopedia,"STM_output/MATs/music_mat_wl4_GarlandEncyclopedia/13 _E Bonito Cantar_ (_Singing Is Beautiful_), Cantoria Of The Embolada Genre_MS2024.mat","13 _E Bonito Cantar_ (_Singing Is Beautiful_), Cantoria Of The Embolada Genre",,world
47,data/musicCorp/GarlandEncyclopedia/22 Saudi Woman_s Wedding Song.mp3,22 Saudi Woman_s Wedding Song,,1,1,5292000,44.1,120,0.3573922902494331,120,GarlandEncyclopedia,STM_output/MATs/music_mat_wl4_GarlandEncyclopedia/22 Saudi Woman_s Wedding Song_MS2024.mat,22 Saudi Woman_s Wedding Song,,world
48,data/musicCorp/GarlandEncyclopedia/51 _Otamu_ (Now Known To Some As _Ueue_) And _Takoto_ Tahitian Rhythmic Patterns.mp3,51 _Otamu_ (Now Known To Some As _Ueue_) And _Takoto_ Tahitian Rhythmic Patterns,,0,1,2116800,44.1,48,0.9406802721088435,48,GarlandEncyclopedia,STM_output/MATs/music_mat_wl4_GarlandEncyclopedia/51 _Otamu_ (Now Known To Some As _Ueue_) And _Takoto_ Tahitian Rhythmic Patterns_MS2024.mat,51 _Otamu_ (Now Known To Some As _Ueue_) And _Takoto_ Tahitian Rhythmic Patterns,,world
49,data/musicCorp/GarlandEncyclopedia/25 Sounds Of Four Ribbon Reeds And Six Human Moaners.mp3,25 Sounds Of Four Ribbon Reeds And Six Human Moaners,,0,1,882000,44.1,20,0.004013605442176871,16,GarlandEncyclopedia,STM_output/MATs/music_mat_wl4_GarlandEncyclopedia/25 Sounds Of Four Ribbon Reeds And Six Human Moaners_MS2024.mat,25 Sounds Of Four Ribbon Reeds And Six Human Moaners,,world
50,data/musicCorp/GarlandEncyclopedia/28 _Green Frog_ Arnhem Land Wangga Song.mp3,28 _Green Frog_ Arnhem Land Wangga Song,,1,1,5292000,44.1,120,0.8948299319727891,120,GarlandEncyclopedia,STM_output/MATs/music_mat_wl4_GarlandEncyclopedia/28 _Green Frog_ Arnhem Land Wangga Song_MS2024.mat,28 _Green Frog_ Arnhem Land Wangga Song,,world
51,data/musicCorp/GarlandEncyclopedia/01 Eastern Arab Art Music.mp3,01 Eastern Arab Art Music,,0,1,5644800,44.1,128,0.9741269841269842,120,GarlandEncyclopedia,STM_output/MATs/music_mat_wl4_GarlandEncyclopedia/01 Eastern Arab Art Music_MS2024.mat,01 Eastern Arab Art Music,,world
52,data/musicCorp/GarlandEncyclopedia/09 Tarkeada (Music For Tarka Flutes).mp3,09 Tarkeada (Music For Tarka Flutes),,0,1,5292000,44.1,120,0.2558503401360544,120,GarlandEncyclopedia,STM_output/MATs/music_mat_wl4_GarlandEncyclopedia/09 Tarkeada (Music For Tarka Flutes)_MS2024.mat,09 Tarkeada (Music For Tarka Flutes),,world
53,data/musicCorp/GarlandEncyclopedia/01 Kpelle Woi-Mene-Pele.mp3,01 Kpelle Woi-Mene-Pele,,1,1,5468400,44.1,124,0.058140589569160996,120,GarlandEncyclopedia,STM_output/MATs/music_mat_wl4_GarlandEncyclopedia/01 Kpelle Woi-Mene-Pele_MS2024.mat,01 Kpelle Woi-Mene-Pele,,world
54,data/musicCorp/GarlandEncyclopedia/12 The Revenge_ (Lyrical Aria From Qi Yaun Bao.mp3,12 The Revenge_ (Lyrical Aria From Qi Yaun Bao,,1,1,5292000,44.1,120,0.42741496598639456,120,GarlandEncyclopedia,STM_output/MATs/music_mat_wl4_GarlandEncyclopedia/12 The Revenge_ (Lyrical Aria From Qi Yaun Bao_MS2024.mat,12 The Revenge_ (Lyrical Aria From Qi Yaun Bao,,world
55,data/musicCorp/GarlandEncyclopedia/38 Nasioi Celebratory Dance-Music (Sinsing Kaur).mp3,38 Nasioi Celebratory Dance-Music (Sinsing Kaur),,1,1,5292000,44.1,120,0.7107936507936508,120,GarlandEncyclopedia,STM_output/MATs/music_mat_wl4_GarlandEncyclopedia/38 Nasioi Celebratory Dance-Music (Sinsing Kaur)_MS2024.mat,38 Nasioi Celebratory Dance-Music (Sinsing Kaur),,world
56,data/musicCorp/GarlandEncyclopedia/17 Firewalk.mp3,17 Firewalk,,0,1,3704400,44.1,84,0.2955328798185941,84,GarlandEncyclopedia,STM_output/MATs/music_mat_wl4_GarlandEncyclopedia/17 Firewalk_MS2024.mat,17 Firewalk,,world
57,"data/musicCorp/GarlandEncyclopedia/06 Raga Natakuranji, Jhama Tala.mp3","06 Raga Natakuranji, Jhama Tala",,1,1,5292000,44.1,120,0.26764172335600905,120,GarlandEncyclopedia,"STM_output/MATs/music_mat_wl4_GarlandEncyclopedia/06 Raga Natakuranji, Jhama Tala_MS2024.mat","06 Raga Natakuranji, Jhama Tala",,world
58,data/musicCorp/GarlandEncyclopedia/35 Jewish-Yemenite Liturgical Song.mp3,35 Jewish-Yemenite Liturgical Song,,1,1,4057200,44.1,92,0.3653514739229025,92,GarlandEncyclopedia,STM_output/MATs/music_mat_wl4_GarlandEncyclopedia/35 Jewish-Yemenite Liturgical Song_MS2024.mat,35 Jewish-Yemenite Liturgical Song,,world
59,"data/musicCorp/GarlandEncyclopedia/20 Nirgun Bhajan (Hymn Of The Formless Divine, _Re Man Musaphir_ _Hey, Mind-Travel.mp3","20 Nirgun Bhajan (Hymn Of The Formless Divine, _Re Man Musaphir_ _Hey, Mind-Travel",,1,1,4939200,44.1,112,0.2396371882086168,112,GarlandEncyclopedia,"STM_output/MATs/music_mat_wl4_GarlandEncyclopedia/20 Nirgun Bhajan (Hymn Of The Formless Divine, _Re Man Musaphir_ _Hey, Mind-Travel_MS2024.mat","20 Nirgun Bhajan (Hymn Of The Formless Divine, _Re Man Musaphir_ _Hey, Mind-Travel",,world
60,data/musicCorp/GarlandEncyclopedia/06 Accompanied Lam Salavane Repartee Song (Southern Laos).mp3,06 Accompanied Lam Salavane Repartee Song (Southern Laos),,1,1,5292000,44.1,120,0.39494331065759636,120,GarlandEncyclopedia,STM_output/MATs/music_mat_wl4_GarlandEncyclopedia/06 Accompanied Lam Salavane Repartee Song (Southern Laos)_MS2024.mat,06 Accompanied Lam Salavane Repartee Song (Southern Laos),,world
61,data/musicCorp/GarlandEncyclopedia/06 Yu Wo Lang _The Fish Lying On The Wave__ Xiao Fangniu _The Small Shepherd_.mp3,06 Yu Wo Lang _The Fish Lying On The Wave__ Xiao Fangniu _The Small Shepherd_,,0,1,5292000,44.1,120,0.7622675736961452,120,GarlandEncyclopedia,STM_output/MATs/music_mat_wl4_GarlandEncyclopedia/06 Yu Wo Lang _The Fish Lying On The Wave__ Xiao Fangniu _The Small Shepherd__MS2024.mat,06 Yu Wo Lang _The Fish Lying On The Wave__ Xiao Fangniu _The Small Shepherd_,,world
62,data/musicCorp/GarlandEncyclopedia/8-25 Polish Dance.mp3,8-25 Polish Dance,,1,1,3351600,44.1,76,0.15426303854875284,76,GarlandEncyclopedia,STM_output/MATs/music_mat_wl4_GarlandEncyclopedia/8-25 Polish Dance_MS2024.mat,8-25 Polish Dance,,world
63,data/musicCorp/GarlandEncyclopedia/09 Brush Dance Heavy Song.mp3,09 Brush Dance Heavy Song,,1,441001,2734200,44.1,52,0.9962131519274376,52,GarlandEncyclopedia,STM_output/MATs/music_mat_wl4_GarlandEncyclopedia/09 Brush Dance Heavy Song_MS2024.mat,09 Brush Dance Heavy Song,,world
64,data/musicCorp/GarlandEncyclopedia/8-40 Cyprus_ Foni Akathkiotissa.mp3,8-40 Cyprus_ Foni Akathkiotissa,,1,1,3528000,44.1,80,0.11959183673469388,80,GarlandEncyclopedia,STM_output/MATs/music_mat_wl4_GarlandEncyclopedia/8-40 Cyprus_ Foni Akathkiotissa_MS2024.mat,8-40 Cyprus_ Foni Akathkiotissa,,world
65,data/musicCorp/GarlandEncyclopedia/37 Baluan Bridewealth-Plying Song (W(E)Ii).mp3,37 Baluan Bridewealth-Plying Song (W(E)Ii),,1,1,4939200,44.1,112,0.8675056689342404,76,GarlandEncyclopedia,STM_output/MATs/music_mat_wl4_GarlandEncyclopedia/37 Baluan Bridewealth-Plying Song (W(E)Ii)_MS2024.mat,37 Baluan Bridewealth-Plying Song (W(E)Ii),,world
66,"data/musicCorp/GarlandEncyclopedia/29 _Sauke_ (The Name Of A Bird), Baluan Commemorative Song (Kolorai).mp3","29 _Sauke_ (The Name Of A Bird), Baluan Commemorative Song (Kolorai)",,1,1,5292000,44.1,120,0.8843990929705215,120,GarlandEncyclopedia,"STM_output/MATs/music_mat_wl4_GarlandEncyclopedia/29 _Sauke_ (The Name Of A Bird), Baluan Commemorative Song (Kolorai)_MS2024.mat","29 _Sauke_ (The Name Of A Bird), Baluan Commemorative Song (Kolorai)",,world
67,data/musicCorp/GarlandEncyclopedia/04 Vai Call To Prayer.mp3,04 Vai Call To Prayer,,1,1,5468400,44.1,124,0.3960090702947846,120,GarlandEncyclopedia,STM_output/MATs/music_mat_wl4_GarlandEncyclopedia/04 Vai Call To Prayer_MS2024.mat,04 Vai Call To Prayer,,world
68,data/musicCorp/GarlandEncyclopedia/8-31 Bulgarian Wedding Dance.mp3,8-31 Bulgarian Wedding Dance,,0,1,3704400,44.1,84,0.7257596371882086,84,GarlandEncyclopedia,STM_output/MATs/music_mat_wl4_GarlandEncyclopedia/8-31 Bulgarian Wedding Dance_MS2024.mat,8-31 Bulgarian Wedding Dance,,world
69,data/musicCorp/GarlandEncyclopedia/15 Song _Kulilal Ni Puguq_ Accompanied By Tube Zither (Upland Philippines).mp3,15 Song _Kulilal Ni Puguq_ Accompanied By Tube Zither (Upland Philippines),,1,1,5292000,44.1,120,0.39136054421768707,120,GarlandEncyclopedia,STM_output/MATs/music_mat_wl4_GarlandEncyclopedia/15 Song _Kulilal Ni Puguq_ Accompanied By Tube Zither (Upland Philippines)_MS2024.mat,15 Song _Kulilal Ni Puguq_ Accompanied By Tube Zither (Upland Philippines),,world
70,data/musicCorp/GarlandEncyclopedia/8-13 Sweden_ Polska.mp3,8-13 Sweden_ Polska,,0,1,5115600,44.1,116,0.08777777777777777,116,GarlandEncyclopedia,STM_output/MATs/music_mat_wl4_GarlandEncyclopedia/8-13 Sweden_ Polska_MS2024.mat,8-13 Sweden_ Polska,,world
71,data/musicCorp/GarlandEncyclopedia/26 He Mo Leannan.mp3,26 He Mo Leannan,,1,1,4233600,44.1,96,0.6142857142857143,92,GarlandEncyclopedia,STM_output/MATs/music_mat_wl4_GarlandEncyclopedia/26 He Mo Leannan_MS2024.mat,26 He Mo Leannan,,world
72,data/musicCorp/GarlandEncyclopedia/31 Wiru Poetic Recitation.mp3,31 Wiru Poetic Recitation,,1,1,2646000,44.1,60,0.5717006802721089,60,GarlandEncyclopedia,STM_output/MATs/music_mat_wl4_GarlandEncyclopedia/31 Wiru Poetic Recitation_MS2024.mat,31 Wiru Poetic Recitation,,world
73,data/musicCorp/GarlandEncyclopedia/33 Nongak.mp3,33 Nongak,,0,1,5292000,44.1,120,0.14192743764172336,120,GarlandEncyclopedia,STM_output/MATs/music_mat_wl4_GarlandEncyclopedia/33 Nongak_MS2024.mat,33 Nongak,,world
74,data/musicCorp/GarlandEncyclopedia/11 Ketu Qiuhen _Wayfarer_s Autumn Lament_.mp3,11 Ketu Qiuhen _Wayfarer_s Autumn Lament_,,1,1,5292000,44.1,120,0.19124716553287982,120,GarlandEncyclopedia,STM_output/MATs/music_mat_wl4_GarlandEncyclopedia/11 Ketu Qiuhen _Wayfarer_s Autumn Lament__MS2024.mat,11 Ketu Qiuhen _Wayfarer_s Autumn Lament_,,world
75,"data/musicCorp/GarlandEncyclopedia/30 Falak Folk Song _Ey Shox Sar-I_ _Hey You Impudent Giggler_, Northern AFganistan.mp3","30 Falak Folk Song _Ey Shox Sar-I_ _Hey You Impudent Giggler_, Northern AFganistan",,1,1,4586400,44.1,104,0.8241496598639456,104,GarlandEncyclopedia,"STM_output/MATs/music_mat_wl4_GarlandEncyclopedia/30 Falak Folk Song _Ey Shox Sar-I_ _Hey You Impudent Giggler_, Northern AFganistan_MS2024.mat","30 Falak Folk Song _Ey Shox Sar-I_ _Hey You Impudent Giggler_, Northern AFganistan",,world
76,data/musicCorp/GarlandEncyclopedia/02 Coiled Chalk Circle.mp3,02 Coiled Chalk Circle,,1,1,5468400,44.1,124,0.5939909297052154,120,GarlandEncyclopedia,STM_output/MATs/music_mat_wl4_GarlandEncyclopedia/02 Coiled Chalk Circle_MS2024.mat,02 Coiled Chalk Circle,,world
77,data/musicCorp/GarlandEncyclopedia/15 Forro De Sanfona (Forro For Accordion).mp3,15 Forro De Sanfona (Forro For Accordion),,0,1,3880800,44.1,88,0.2361904761904762,84,GarlandEncyclopedia,STM_output/MATs/music_mat_wl4_GarlandEncyclopedia/15 Forro De Sanfona (Forro For Accordion)_MS2024.mat,15 Forro De Sanfona (Forro For Accordion),,world
78,data/musicCorp/GarlandEncyclopedia/25 Turkish _Alevi_ Song With _ Baglama_ Accompaniment.mp3,25 Turkish _Alevi_ Song With _ Baglama_ Accompaniment,,1,1,5292000,44.1,120,0.43984126984126987,120,GarlandEncyclopedia,STM_output/MATs/music_mat_wl4_GarlandEncyclopedia/25 Turkish _Alevi_ Song With _ Baglama_ Accompaniment_MS2024.mat,25 Turkish _Alevi_ Song With _ Baglama_ Accompaniment,,world
79,"data/musicCorp/GarlandEncyclopedia/18 _Tengo Que Hacer Un Barquito_ (_i Have To Make A Little Boat_), Cueca Dance-Song.mp3","18 _Tengo Que Hacer Un Barquito_ (_i Have To Make A Little Boat_), Cueca Dance-Song",,1,1,4586400,44.1,104,0.2526984126984127,100,GarlandEncyclopedia,"STM_output/MATs/music_mat_wl4_GarlandEncyclopedia/18 _Tengo Que Hacer Un Barquito_ (_i Have To Make A Little Boat_), Cueca Dance-Song_MS2024.mat","18 _Tengo Que Hacer Un Barquito_ (_i Have To Make A Little Boat_), Cueca Dance-Song",,world
80,data/musicCorp/GarlandEncyclopedia/10 Islamic Vocal Music.mp3,10 Islamic Vocal Music,,1,1,3175200,44.1,72,0.6465532879818594,64,GarlandEncyclopedia,STM_output/MATs/music_mat_wl4_GarlandEncyclopedia/10 Islamic Vocal Music_MS2024.mat,10 Islamic Vocal Music,,world
81,data/musicCorp/GarlandEncyclopedia/25 Bhangi Drumming In Madya Pradesh.mp3,25 Bhangi Drumming In Madya Pradesh,,0,1,3880800,44.1,88,0.45528344671201815,88,GarlandEncyclopedia,STM_output/MATs/music_mat_wl4_GarlandEncyclopedia/25 Bhangi Drumming In Madya Pradesh_MS2024.mat,25 Bhangi Drumming In Madya Pradesh,,world
82,data/musicCorp/GarlandEncyclopedia/19 Sounds Of A Tongan Nose-Blown Flute.mp3,19 Sounds Of A Tongan Nose-Blown Flute,,0,1,1764000,44.1,40,0.9622675736961451,36,GarlandEncyclopedia,STM_output/MATs/music_mat_wl4_GarlandEncyclopedia/19 Sounds Of A Tongan Nose-Blown Flute_MS2024.mat,19 Sounds Of A Tongan Nose-Blown Flute,,world
83,data/musicCorp/GarlandEncyclopedia/03 Inanga Chuchotee.mp3,03 Inanga Chuchotee,,1,1,5292000,44.1,120,0.26356009070294784,120,GarlandEncyclopedia,STM_output/MATs/music_mat_wl4_GarlandEncyclopedia/03 Inanga Chuchotee_MS2024.mat,03 Inanga Chuchotee,,world
84,data/musicCorp/GarlandEncyclopedia/8-35 Serbian Dance.mp3,8-35 Serbian Dance,,0,1,2822400,44.1,64,0.37170068027210884,64,GarlandEncyclopedia,STM_output/MATs/music_mat_wl4_GarlandEncyclopedia/8-35 Serbian Dance_MS2024.mat,8-35 Serbian Dance,,world
85,data/musicCorp/GarlandEncyclopedia/23 Kurdish Epic Song.mp3,23 Kurdish Epic Song,,1,1,4939200,44.1,112,0.846530612244898,104,GarlandEncyclopedia,STM_output/MATs/music_mat_wl4_GarlandEncyclopedia/23 Kurdish Epic Song_MS2024.mat,23 Kurdish Epic Song,,world
86,data/musicCorp/GarlandEncyclopedia/8-18 France.mp3,8-18 France,,1,1,2116800,44.1,48,0.8176190476190476,48,GarlandEncyclopedia,STM_output/MATs/music_mat_wl4_GarlandEncyclopedia/8-18 France_MS2024.mat,8-18 France,,world
87,data/musicCorp/GarlandEncyclopedia/02 Jor Improv On Vicitra Vina In Rag Bairagi.mp3,02 Jor Improv On Vicitra Vina In Rag Bairagi,,0,1,5292000,44.1,120,0.5034240362811792,120,GarlandEncyclopedia,STM_output/MATs/music_mat_wl4_GarlandEncyclopedia/02 Jor Improv On Vicitra Vina In Rag Bairagi_MS2024.mat,02 Jor Improv On Vicitra Vina In Rag Bairagi,,world
88,data/musicCorp/GarlandEncyclopedia/11 Turaeg Tihadanaren.mp3,11 Turaeg Tihadanaren,,1,441001,5380200,44.1,112,0.08673469387755102,104,GarlandEncyclopedia,STM_output/MATs/music_mat_wl4_GarlandEncyclopedia/11 Turaeg Tihadanaren_MS2024.mat,11 Turaeg Tihadanaren,,world
89,data/musicCorp/GarlandEncyclopedia/10 Maninka Duwa Praise Song.mp3,10 Maninka Duwa Praise Song,,1,1,3528000,44.1,80,0.4543764172335601,72,GarlandEncyclopedia,STM_output/MATs/music_mat_wl4_GarlandEncyclopedia/10 Maninka Duwa Praise Song_MS2024.mat,10 Maninka Duwa Praise Song,,world
90,data/musicCorp/GarlandEncyclopedia/07 Kyo Classical Song (Burma).mp3,07 Kyo Classical Song (Burma),,1,1,5292000,44.1,120,0.38988662131519275,120,GarlandEncyclopedia,STM_output/MATs/music_mat_wl4_GarlandEncyclopedia/07 Kyo Classical Song (Burma)_MS2024.mat,07 Kyo Classical Song (Burma),,world
91,data/musicCorp/GarlandEncyclopedia/27 _Kaulilua I Ke Anu Wai Ale_ Ale_ Hawaiian Dance-Song (Hula Pahu).mp3,27 _Kaulilua I Ke Anu Wai Ale_ Ale_ Hawaiian Dance-Song (Hula Pahu),,1,1,5292000,44.1,120,0.6459183673469387,120,GarlandEncyclopedia,STM_output/MATs/music_mat_wl4_GarlandEncyclopedia/27 _Kaulilua I Ke Anu Wai Ale_ Ale_ Hawaiian Dance-Song (Hula Pahu)_MS2024.mat,27 _Kaulilua I Ke Anu Wai Ale_ Ale_ Hawaiian Dance-Song (Hula Pahu),,world
92,data/musicCorp/GarlandEncyclopedia/8-04 Saami Joik.mp3,8-04 Saami Joik,,1,1,2116800,44.1,48,0.9585714285714285,48,GarlandEncyclopedia,STM_output/MATs/music_mat_wl4_GarlandEncyclopedia/8-04 Saami Joik_MS2024.mat,8-04 Saami Joik,,world
93,data/musicCorp/GarlandEncyclopedia/41 _Jourur Tak Armej_ Marshallese Staff-Dance Music (Jebwa).mp3,41 _Jourur Tak Armej_ Marshallese Staff-Dance Music (Jebwa),,1,1,2998800,44.1,68,0.4552154195011338,68,GarlandEncyclopedia,STM_output/MATs/music_mat_wl4_GarlandEncyclopedia/41 _Jourur Tak Armej_ Marshallese Staff-Dance Music (Jebwa)_MS2024.mat,41 _Jourur Tak Armej_ Marshallese Staff-Dance Music (Jebwa),,world
94,"data/musicCorp/GarlandEncyclopedia/08 _Pale (H)Ip_m_ (This Is A Shell), Baluan Lullaby.mp3","08 _Pale (H)Ip_m_ (This Is A Shell), Baluan Lullaby",,1,1,1234800,44.1,28,0.9254195011337868,28,GarlandEncyclopedia,"STM_output/MATs/music_mat_wl4_GarlandEncyclopedia/08 _Pale (H)Ip_m_ (This Is A Shell), Baluan Lullaby_MS2024.mat","08 _Pale (H)Ip_m_ (This Is A Shell), Baluan Lullaby",,world
95,data/musicCorp/GarlandEncyclopedia/32 Like A Hen Pheasant Chased By A Hawk.mp3,32 Like A Hen Pheasant Chased By A Hawk,,1,1,5292000,44.1,120,0.3426530612244898,120,GarlandEncyclopedia,STM_output/MATs/music_mat_wl4_GarlandEncyclopedia/32 Like A Hen Pheasant Chased By A Hawk_MS2024.mat,32 Like A Hen Pheasant Chased By A Hawk,,world
96,data/musicCorp/GarlandEncyclopedia/21 Huayno (Andean Dance-Song).mp3,21 Huayno (Andean Dance-Song),,0,1,5292000,44.1,120,0.2507936507936508,120,GarlandEncyclopedia,STM_output/MATs/music_mat_wl4_GarlandEncyclopedia/21 Huayno (Andean Dance-Song)_MS2024.mat,21 Huayno (Andean Dance-Song),,world
97,data/musicCorp/GarlandEncyclopedia/29 Danza De Corpus (Corpus Christi Dance).mp3,29 Danza De Corpus (Corpus Christi Dance),,0,1,3704400,44.1,84,0.27444444444444444,80,GarlandEncyclopedia,STM_output/MATs/music_mat_wl4_GarlandEncyclopedia/29 Danza De Corpus (Corpus Christi Dance)_MS2024.mat,29 Danza De Corpus (Corpus Christi Dance),,world
98,"data/musicCorp/GarlandEncyclopedia/34 Telugu Epic Narrative Song, Bobbili Yuddha Katha _ _Story Of The Battle Of Bobb.mp3","34 Telugu Epic Narrative Song, Bobbili Yuddha Katha _ _Story Of The Battle Of Bobb",,1,1,4939200,44.1,112,0.273015873015873,112,GarlandEncyclopedia,"STM_output/MATs/music_mat_wl4_GarlandEncyclopedia/34 Telugu Epic Narrative Song, Bobbili Yuddha Katha _ _Story Of The Battle Of Bobb_MS2024.mat","34 Telugu Epic Narrative Song, Bobbili Yuddha Katha _ _Story Of The Battle Of Bobb",,world
99,data/musicCorp/GarlandEncyclopedia/02 Yangguan Sandie.mp3,02 Yangguan Sandie,,0,1,5292000,44.1,120,0.8626530612244898,120,GarlandEncyclopedia,STM_output/MATs/music_mat_wl4_GarlandEncyclopedia/02 Yangguan Sandie_MS2024.mat,02 Yangguan Sandie,,world
100,data/musicCorp/GarlandEncyclopedia/8-14 Denmark_ Sailor_s Lovesong.mp3,8-14 Denmark_ Sailor_s Lovesong,,1,1,2822400,44.1,64,0.9210204081632654,60,GarlandEncyclopedia,STM_output/MATs/music_mat_wl4_GarlandEncyclopedia/8-14 Denmark_ Sailor_s Lovesong_MS2024.mat,8-14 Denmark_ Sailor_s Lovesong,,world
101,data/musicCorp/GarlandEncyclopedia/25 Excerpt From Dozyozi [Dojoji].mp3,25 Excerpt From Dozyozi [Dojoji],,1,1,5292000,44.1,120,0.19707482993197278,120,GarlandEncyclopedia,STM_output/MATs/music_mat_wl4_GarlandEncyclopedia/25 Excerpt From Dozyozi [Dojoji]_MS2024.mat,25 Excerpt From Dozyozi [Dojoji],,world
102,"data/musicCorp/GarlandEncyclopedia/15 Berber Warrior Dance, Taskiwin, From The Anti-Atlas.mp3","15 Berber Warrior Dance, Taskiwin, From The Anti-Atlas",,0,1,4233600,44.1,96,0.8498412698412698,96,GarlandEncyclopedia,"STM_output/MATs/music_mat_wl4_GarlandEncyclopedia/15 Berber Warrior Dance, Taskiwin, From The Anti-Atlas_MS2024.mat","15 Berber Warrior Dance, Taskiwin, From The Anti-Atlas",,world
103,"data/musicCorp/GarlandEncyclopedia/23 _No Lo Cuentes A Nadie_ (_Don_t Tell Anyone_), Huayno.mp3","23 _No Lo Cuentes A Nadie_ (_Don_t Tell Anyone_), Huayno",,0,1,5292000,44.1,120,0.22979591836734695,120,GarlandEncyclopedia,"STM_output/MATs/music_mat_wl4_GarlandEncyclopedia/23 _No Lo Cuentes A Nadie_ (_Don_t Tell Anyone_), Huayno_MS2024.mat","23 _No Lo Cuentes A Nadie_ (_Don_t Tell Anyone_), Huayno",,world
104,data/musicCorp/GarlandEncyclopedia/12 Dry Funeral Song Of The Kota Tribe.mp3,12 Dry Funeral Song Of The Kota Tribe,,1,1,2822400,44.1,64,0.24006802721088435,60,GarlandEncyclopedia,STM_output/MATs/music_mat_wl4_GarlandEncyclopedia/12 Dry Funeral Song Of The Kota Tribe_MS2024.mat,12 Dry Funeral Song Of The Kota Tribe,,world
105,data/musicCorp/GarlandEncyclopedia/11 East Javanese Gamelan Piece _Srempeg_ (Java).mp3,11 East Javanese Gamelan Piece _Srempeg_ (Java),,0,1,5292000,44.1,120,0.5597505668934241,120,GarlandEncyclopedia,STM_output/MATs/music_mat_wl4_GarlandEncyclopedia/11 East Javanese Gamelan Piece _Srempeg_ (Java)_MS2024.mat,11 East Javanese Gamelan Piece _Srempeg_ (Java),,world
106,data/musicCorp/GarlandEncyclopedia/48 Samoan Homemade Ukulele.mp3,48 Samoan Homemade Ukulele,,0,1,1764000,44.1,40,0.6087528344671201,36,GarlandEncyclopedia,STM_output/MATs/music_mat_wl4_GarlandEncyclopedia/48 Samoan Homemade Ukulele_MS2024.mat,48 Samoan Homemade Ukulele,,world
107,"data/musicCorp/GarlandEncyclopedia/34 _Los Coros De San Miguel_ (_The Choruses Of Saint Michael_), Salve With Drums In The Style Of The Southwest Dominican Republic.mp3","34 _Los Coros De San Miguel_ (_The Choruses Of Saint Michael_), Salve With Drums In The Style Of The Southwest Dominican Republic",,1,1,2293200,44.1,52,0.3028798185941043,52,GarlandEncyclopedia,"STM_output/MATs/music_mat_wl4_GarlandEncyclopedia/34 _Los Coros De San Miguel_ (_The Choruses Of Saint Michael_), Salve With Drums In The Style Of The Southwest Dominican Republic_MS2024.mat","34 _Los Coros De San Miguel_ (_The Choruses Of Saint Michael_), Salve With Drums In The Style Of The Southwest Dominican Republic",,world
108,data/musicCorp/GarlandEncyclopedia/09 Islamic Vocal Music.mp3,09 Islamic Vocal Music,,1,1,5292000,44.1,120,0.5566666666666666,120,GarlandEncyclopedia,STM_output/MATs/music_mat_wl4_GarlandEncyclopedia/09 Islamic Vocal Music_MS2024.mat,09 Islamic Vocal Music,,world
109,"data/musicCorp/GarlandEncyclopedia/20 Dortn, Dortn Ibern Vasserl.mp3","20 Dortn, Dortn Ibern Vasserl",,1,1,5292000,44.1,120,0.5370521541950113,120,GarlandEncyclopedia,"STM_output/MATs/music_mat_wl4_GarlandEncyclopedia/20 Dortn, Dortn Ibern Vasserl_MS2024.mat","20 Dortn, Dortn Ibern Vasserl",,world
110,data/musicCorp/GarlandEncyclopedia/8-29 Ukraine.mp3,8-29 Ukraine,,1,1,4057200,44.1,92,0.3259183673469388,92,GarlandEncyclopedia,STM_output/MATs/music_mat_wl4_GarlandEncyclopedia/8-29 Ukraine_MS2024.mat,8-29 Ukraine,,world
111,data/musicCorp/GarlandEncyclopedia/02 Tannese Conch-Shell Trio.mp3,02 Tannese Conch-Shell Trio,,0,1,1411200,44.1,32,0.565374149659864,32,GarlandEncyclopedia,STM_output/MATs/music_mat_wl4_GarlandEncyclopedia/02 Tannese Conch-Shell Trio_MS2024.mat,02 Tannese Conch-Shell Trio,,world
112,data/musicCorp/GarlandEncyclopedia/26 _La Catira_ (_The Light-Haired Woman_).mp3,26 _La Catira_ (_The Light-Haired Woman_),,0,1,5292000,44.1,120,0.3042403628117914,120,GarlandEncyclopedia,STM_output/MATs/music_mat_wl4_GarlandEncyclopedia/26 _La Catira_ (_The Light-Haired Woman_)_MS2024.mat,26 _La Catira_ (_The Light-Haired Woman_),,world
113,data/musicCorp/GarlandEncyclopedia/09 Lan Huahua.mp3,09 Lan Huahua,,1,1,4586400,44.1,104,0.5614512471655329,100,GarlandEncyclopedia,STM_output/MATs/music_mat_wl4_GarlandEncyclopedia/09 Lan Huahua_MS2024.mat,09 Lan Huahua,,world
114,data/musicCorp/GarlandEncyclopedia/16 Palestinian Folk Song.mp3,16 Palestinian Folk Song,,1,1,4586400,44.1,104,0.6394557823129252,100,GarlandEncyclopedia,STM_output/MATs/music_mat_wl4_GarlandEncyclopedia/16 Palestinian Folk Song_MS2024.mat,16 Palestinian Folk Song,,world
115,data/musicCorp/GarlandEncyclopedia/11 Huli Ceremonial Music.mp3,11 Huli Ceremonial Music,,1,1,2646000,44.1,60,0.5022448979591837,52,GarlandEncyclopedia,STM_output/MATs/music_mat_wl4_GarlandEncyclopedia/11 Huli Ceremonial Music_MS2024.mat,11 Huli Ceremonial Music,,world
116,data/musicCorp/GarlandEncyclopedia/21 Yagibusi _Song From Yagi_ (Japanese folk song).mp3,21 Yagibusi _Song From Yagi_ (Japanese folk song),,1,1,5292000,44.1,120,0.41077097505668936,120,GarlandEncyclopedia,STM_output/MATs/music_mat_wl4_GarlandEncyclopedia/21 Yagibusi _Song From Yagi_ (Japanese folk song)_MS2024.mat,21 Yagibusi _Song From Yagi_ (Japanese folk song),,world
117,data/musicCorp/GarlandEncyclopedia/30 Ch_un-hyang-ka _Song Of Spirit Fragrance_.mp3,30 Ch_un-hyang-ka _Song Of Spirit Fragrance_,,1,1,3880800,44.1,88,0.6056235827664399,84,GarlandEncyclopedia,STM_output/MATs/music_mat_wl4_GarlandEncyclopedia/30 Ch_un-hyang-ka _Song Of Spirit Fragrance__MS2024.mat,30 Ch_un-hyang-ka _Song Of Spirit Fragrance_,,world
118,data/musicCorp/GarlandEncyclopedia/12 Were You There_.mp3,12 Were You There_,,1,1,5292000,44.1,120,0.8318367346938775,120,GarlandEncyclopedia,STM_output/MATs/music_mat_wl4_GarlandEncyclopedia/12 Were You There__MS2024.mat,12 Were You There_,,world
119,data/musicCorp/GarlandEncyclopedia/01 The Green Lotus.mp3,01 The Green Lotus,,0,1,4233600,44.1,96,0.6549206349206349,96,GarlandEncyclopedia,STM_output/MATs/music_mat_wl4_GarlandEncyclopedia/01 The Green Lotus_MS2024.mat,01 The Green Lotus,,world
120,data/musicCorp/GarlandEncyclopedia/02 Turkish Mevlevi.mp3,02 Turkish Mevlevi,,1,1,6526800,44.1,148,0.8714285714285714,120,GarlandEncyclopedia,STM_output/MATs/music_mat_wl4_GarlandEncyclopedia/02 Turkish Mevlevi_MS2024.mat,02 Turkish Mevlevi,,world
121,data/musicCorp/GarlandEncyclopedia/34 Asmat _Ghost-Celebrating Song_.mp3,34 Asmat _Ghost-Celebrating Song_,,1,1,3704400,44.1,84,0.5847392290249434,80,GarlandEncyclopedia,STM_output/MATs/music_mat_wl4_GarlandEncyclopedia/34 Asmat _Ghost-Celebrating Song__MS2024.mat,34 Asmat _Ghost-Celebrating Song_,,world
122,data/musicCorp/GarlandEncyclopedia/28 _Cuaulleros_.mp3,28 _Cuaulleros_,,0,1,4762800,44.1,108,0.2470294784580499,108,GarlandEncyclopedia,STM_output/MATs/music_mat_wl4_GarlandEncyclopedia/28 _Cuaulleros__MS2024.mat,28 _Cuaulleros_,,world
123,data/musicCorp/GarlandEncyclopedia/06 Clay And Frelinghuysen.mp3,06 Clay And Frelinghuysen,,1,1,3528000,44.1,80,0.3412698412698413,72,GarlandEncyclopedia,STM_output/MATs/music_mat_wl4_GarlandEncyclopedia/06 Clay And Frelinghuysen_MS2024.mat,06 Clay And Frelinghuysen,,world
124,data/musicCorp/GarlandEncyclopedia/19 Vigala Reinlender.mp3,19 Vigala Reinlender,,0,1,5115600,44.1,116,0.9963945578231292,116,GarlandEncyclopedia,STM_output/MATs/music_mat_wl4_GarlandEncyclopedia/19 Vigala Reinlender_MS2024.mat,19 Vigala Reinlender,,world
125,data/musicCorp/GarlandEncyclopedia/13 Shadow Play Music _Telaga Dundan_ (Lombok).mp3,13 Shadow Play Music _Telaga Dundan_ (Lombok),,0,1,5292000,44.1,120,0.5658503401360544,120,GarlandEncyclopedia,STM_output/MATs/music_mat_wl4_GarlandEncyclopedia/13 Shadow Play Music _Telaga Dundan_ (Lombok)_MS2024.mat,13 Shadow Play Music _Telaga Dundan_ (Lombok),,world
126,data/musicCorp/GarlandEncyclopedia/47 _Kauririko Ma Barebareiko_ Kiribati Contemporary Dance-Song.mp3,47 _Kauririko Ma Barebareiko_ Kiribati Contemporary Dance-Song,,1,1,2822400,44.1,64,0.6006802721088436,64,GarlandEncyclopedia,STM_output/MATs/music_mat_wl4_GarlandEncyclopedia/47 _Kauririko Ma Barebareiko_ Kiribati Contemporary Dance-Song_MS2024.mat,47 _Kauririko Ma Barebareiko_ Kiribati Contemporary Dance-Song,,world
127,data/musicCorp/GarlandEncyclopedia/30 Uzbek Classical Song.mp3,30 Uzbek Classical Song,,1,1,5292000,44.1,120,0.3710204081632653,120,GarlandEncyclopedia,STM_output/MATs/music_mat_wl4_GarlandEncyclopedia/30 Uzbek Classical Song_MS2024.mat,30 Uzbek Classical Song,,world
128,data/musicCorp/GarlandEncyclopedia/26 Nozakimura.mp3,26 Nozakimura,,1,1,5292000,44.1,120,0.5135374149659864,120,GarlandEncyclopedia,STM_output/MATs/music_mat_wl4_GarlandEncyclopedia/26 Nozakimura_MS2024.mat,26 Nozakimura,,world
129,"data/musicCorp/GarlandEncyclopedia/03 Warao Male Wisiratu Shaman_s Curing Song, Excerpt.mp3","03 Warao Male Wisiratu Shaman_s Curing Song, Excerpt",,1,1,3880800,44.1,88,0.26317460317460317,88,GarlandEncyclopedia,"STM_output/MATs/music_mat_wl4_GarlandEncyclopedia/03 Warao Male Wisiratu Shaman_s Curing Song, Excerpt_MS2024.mat","03 Warao Male Wisiratu Shaman_s Curing Song, Excerpt",,world
130,data/musicCorp/GarlandEncyclopedia/8-10 Ireland_ Jig _All The Ways To Go_.mp3,8-10 Ireland_ Jig _All The Ways To Go_,,1,1,3351600,44.1,76,0.7296598639455782,76,GarlandEncyclopedia,STM_output/MATs/music_mat_wl4_GarlandEncyclopedia/8-10 Ireland_ Jig _All The Ways To Go__MS2024.mat,8-10 Ireland_ Jig _All The Ways To Go_,,world
131,data/musicCorp/GarlandEncyclopedia/17 Palestinian Line Dance.mp3,17 Palestinian Line Dance,,1,1,2293200,44.1,52,0.35723356009070295,48,GarlandEncyclopedia,STM_output/MATs/music_mat_wl4_GarlandEncyclopedia/17 Palestinian Line Dance_MS2024.mat,17 Palestinian Line Dance,,world
132,data/musicCorp/GarlandEncyclopedia/8-03 Traveller_s Song _The Galloway Hills_.mp3,8-03 Traveller_s Song _The Galloway Hills_,,1,1,4586400,44.1,104,0.30383219954648527,104,GarlandEncyclopedia,STM_output/MATs/music_mat_wl4_GarlandEncyclopedia/8-03 Traveller_s Song _The Galloway Hills__MS2024.mat,8-03 Traveller_s Song _The Galloway Hills_,,world
133,data/musicCorp/GarlandEncyclopedia/31 Uzbek Classical Instrumental Dance Piece.mp3,31 Uzbek Classical Instrumental Dance Piece,,0,1,5292000,44.1,120,0.5381859410430839,120,GarlandEncyclopedia,STM_output/MATs/music_mat_wl4_GarlandEncyclopedia/31 Uzbek Classical Instrumental Dance Piece_MS2024.mat,31 Uzbek Classical Instrumental Dance Piece,,world
134,data/musicCorp/GarlandEncyclopedia/14 Solo Fanbei Chant.mp3,14 Solo Fanbei Chant,,1,1,4410000,44.1,100,0.8194331065759637,88,GarlandEncyclopedia,STM_output/MATs/music_mat_wl4_GarlandEncyclopedia/14 Solo Fanbei Chant_MS2024.mat,14 Solo Fanbei Chant,,world
135,"data/musicCorp/GarlandEncyclopedia/14 Berber Wedding Song, Ahwash, From The Anti-Atlas.mp3","14 Berber Wedding Song, Ahwash, From The Anti-Atlas",,1,1,5292000,44.1,120,0.582312925170068,120,GarlandEncyclopedia,"STM_output/MATs/music_mat_wl4_GarlandEncyclopedia/14 Berber Wedding Song, Ahwash, From The Anti-Atlas_MS2024.mat","14 Berber Wedding Song, Ahwash, From The Anti-Atlas",,world
136,data/musicCorp/GarlandEncyclopedia/11 Giririjasuta.mp3,11 Giririjasuta,,1,1,5292000,44.1,120,0.23870748299319727,120,GarlandEncyclopedia,STM_output/MATs/music_mat_wl4_GarlandEncyclopedia/11 Giririjasuta_MS2024.mat,11 Giririjasuta,,world
137,data/musicCorp/GarlandEncyclopedia/8-30 Romanian Table Song.mp3,8-30 Romanian Table Song,,0,1,2116800,44.1,48,0.09566893424036281,44,GarlandEncyclopedia,STM_output/MATs/music_mat_wl4_GarlandEncyclopedia/8-30 Romanian Table Song_MS2024.mat,8-30 Romanian Table Song,,world
138,data/musicCorp/GarlandEncyclopedia/08 Xintianyou _Sing As You Wish_.mp3,08 Xintianyou _Sing As You Wish_,,1,1,4057200,44.1,92,0.6942176870748299,92,GarlandEncyclopedia,STM_output/MATs/music_mat_wl4_GarlandEncyclopedia/08 Xintianyou _Sing As You Wish__MS2024.mat,08 Xintianyou _Sing As You Wish_,,world
139,data/musicCorp/GarlandEncyclopedia/23 Hagoromo.mp3,23 Hagoromo,,1,1,4586400,44.1,104,0.23405895691609976,104,GarlandEncyclopedia,STM_output/MATs/music_mat_wl4_GarlandEncyclopedia/23 Hagoromo_MS2024.mat,23 Hagoromo,,world
140,data/musicCorp/GarlandEncyclopedia/21 Heartsong Aria.mp3,21 Heartsong Aria,,1,1,5292000,44.1,120,0.3551700680272109,120,GarlandEncyclopedia,STM_output/MATs/music_mat_wl4_GarlandEncyclopedia/21 Heartsong Aria_MS2024.mat,21 Heartsong Aria,,world
141,data/musicCorp/GarlandEncyclopedia/04 Moonlight On The Ching Yang River.mp3,04 Moonlight On The Ching Yang River,,0,1,5292000,44.1,120,0.42927437641723354,120,GarlandEncyclopedia,STM_output/MATs/music_mat_wl4_GarlandEncyclopedia/04 Moonlight On The Ching Yang River_MS2024.mat,04 Moonlight On The Ching Yang River,,world
142,data/musicCorp/GarlandEncyclopedia/33 _Sakiraring_ Rai Coast Sacred Music (Kaapu Kak Sari).mp3,33 _Sakiraring_ Rai Coast Sacred Music (Kaapu Kak Sari),,0,1,5292000,44.1,120,0.6045804988662131,120,GarlandEncyclopedia,STM_output/MATs/music_mat_wl4_GarlandEncyclopedia/33 _Sakiraring_ Rai Coast Sacred Music (Kaapu Kak Sari)_MS2024.mat,33 _Sakiraring_ Rai Coast Sacred Music (Kaapu Kak Sari),,world
143,"data/musicCorp/GarlandEncyclopedia/14 Gong, Drum, And Xylophone Ensemble (Philippines).mp3","14 Gong, Drum, And Xylophone Ensemble (Philippines)",,0,1,5292000,44.1,120,0.3821768707482993,120,GarlandEncyclopedia,"STM_output/MATs/music_mat_wl4_GarlandEncyclopedia/14 Gong, Drum, And Xylophone Ensemble (Philippines)_MS2024.mat","14 Gong, Drum, And Xylophone Ensemble (Philippines)",,world
144,data/musicCorp/GarlandEncyclopedia/8-02 Rom (Gypsy).mp3,8-02 Rom (Gypsy),,1,1,4057200,44.1,92,0.44292517006802723,92,GarlandEncyclopedia,STM_output/MATs/music_mat_wl4_GarlandEncyclopedia/8-02 Rom (Gypsy)_MS2024.mat,8-02 Rom (Gypsy),,world
145,"data/musicCorp/GarlandEncyclopedia/36 Song For Legba, Dance For Ogoun.mp3","36 Song For Legba, Dance For Ogoun",,1,1,5292000,44.1,120,0.27276643990929705,120,GarlandEncyclopedia,"STM_output/MATs/music_mat_wl4_GarlandEncyclopedia/36 Song For Legba, Dance For Ogoun_MS2024.mat","36 Song For Legba, Dance For Ogoun",,world
146,data/musicCorp/GarlandEncyclopedia/11 Fireman_s Polka.mp3,11 Fireman_s Polka,,0,1,5292000,44.1,120,0.48165532879818596,120,GarlandEncyclopedia,STM_output/MATs/music_mat_wl4_GarlandEncyclopedia/11 Fireman_s Polka_MS2024.mat,11 Fireman_s Polka,,world
147,data/musicCorp/GarlandEncyclopedia/10 Gong Ensemble With Song _Yong Thoach_ (Upland Vietnam).mp3,10 Gong Ensemble With Song _Yong Thoach_ (Upland Vietnam),,1,1,5292000,44.1,120,0.3880498866213152,120,GarlandEncyclopedia,STM_output/MATs/music_mat_wl4_GarlandEncyclopedia/10 Gong Ensemble With Song _Yong Thoach_ (Upland Vietnam)_MS2024.mat,10 Gong Ensemble With Song _Yong Thoach_ (Upland Vietnam),,world
148,data/musicCorp/GarlandEncyclopedia/22 Etenraku _Music Of Divinity_.mp3,22 Etenraku _Music Of Divinity_,,0,1,5644800,44.1,128,0.13219954648526078,120,GarlandEncyclopedia,STM_output/MATs/music_mat_wl4_GarlandEncyclopedia/22 Etenraku _Music Of Divinity__MS2024.mat,22 Etenraku _Music Of Divinity_,,world
149,data/musicCorp/GarlandEncyclopedia/17 The Glouster Witch.mp3,17 The Glouster Witch,,1,1,3704400,44.1,84,0.40272108843537413,80,GarlandEncyclopedia,STM_output/MATs/music_mat_wl4_GarlandEncyclopedia/17 The Glouster Witch_MS2024.mat,17 The Glouster Witch,,world
150,data/musicCorp/GarlandEncyclopedia/05 Yemeni Drumming From The Hadramawt.mp3,05 Yemeni Drumming From The Hadramawt,,1,1,3880800,44.1,88,0.6546712018140589,84,GarlandEncyclopedia,STM_output/MATs/music_mat_wl4_GarlandEncyclopedia/05 Yemeni Drumming From The Hadramawt_MS2024.mat,05 Yemeni Drumming From The Hadramawt,,world
151,data/musicCorp/GarlandEncyclopedia/11 Jewish Cantillation.mp3,11 Jewish Cantillation,,1,1,2646000,44.1,60,0.5474603174603174,60,GarlandEncyclopedia,STM_output/MATs/music_mat_wl4_GarlandEncyclopedia/11 Jewish Cantillation_MS2024.mat,11 Jewish Cantillation,,world
152,data/musicCorp/GarlandEncyclopedia/33 Moroccan Jewish Wedding Songs.mp3,33 Moroccan Jewish Wedding Songs,,1,1,5292000,44.1,120,0.46741496598639454,120,GarlandEncyclopedia,STM_output/MATs/music_mat_wl4_GarlandEncyclopedia/33 Moroccan Jewish Wedding Songs_MS2024.mat,33 Moroccan Jewish Wedding Songs,,world
153,data/musicCorp/GarlandEncyclopedia/18 Palestinian Shaving Song.mp3,18 Palestinian Shaving Song,,1,1,1940400,44.1,44,0.843718820861678,40,GarlandEncyclopedia,STM_output/MATs/music_mat_wl4_GarlandEncyclopedia/18 Palestinian Shaving Song_MS2024.mat,18 Palestinian Shaving Song,,world
154,"data/musicCorp/GarlandEncyclopedia/20 Song In Quechua About A Young Man, Alone In The World, Looking For A Wife.mp3","20 Song In Quechua About A Young Man, Alone In The World, Looking For A Wife",,1,1,5292000,44.1,120,0.25151927437641725,120,GarlandEncyclopedia,"STM_output/MATs/music_mat_wl4_GarlandEncyclopedia/20 Song In Quechua About A Young Man, Alone In The World, Looking For A Wife_MS2024.mat","20 Song In Quechua About A Young Man, Alone In The World, Looking For A Wife",,world
155,data/musicCorp/GarlandEncyclopedia/45 _E Tataekinaki Aron Abara Ae Onotoa_ Kiribati Song For The Bino.mp3,45 _E Tataekinaki Aron Abara Ae Onotoa_ Kiribati Song For The Bino,,1,1,4057200,44.1,92,0.7013151927437642,88,GarlandEncyclopedia,STM_output/MATs/music_mat_wl4_GarlandEncyclopedia/45 _E Tataekinaki Aron Abara Ae Onotoa_ Kiribati Song For The Bino_MS2024.mat,45 _E Tataekinaki Aron Abara Ae Onotoa_ Kiribati Song For The Bino,,world
156,data/musicCorp/GarlandEncyclopedia/8-32 Slovenian Waltz.mp3,8-32 Slovenian Waltz,,0,1,2822400,44.1,64,0.08791383219954649,60,GarlandEncyclopedia,STM_output/MATs/music_mat_wl4_GarlandEncyclopedia/8-32 Slovenian Waltz_MS2024.mat,8-32 Slovenian Waltz,,world
157,data/musicCorp/GarlandEncyclopedia/09 Bala Pattern Of Maninka.mp3,09 Bala Pattern Of Maninka,,0,1,2469600,44.1,56,0.4253968253968254,48,GarlandEncyclopedia,STM_output/MATs/music_mat_wl4_GarlandEncyclopedia/09 Bala Pattern Of Maninka_MS2024.mat,09 Bala Pattern Of Maninka,,world
158,data/musicCorp/GarlandEncyclopedia/05 Lam Sing Repartee Song (Northeast Thailand).mp3,05 Lam Sing Repartee Song (Northeast Thailand),,1,1,5292000,44.1,120,0.38684807256235826,120,GarlandEncyclopedia,STM_output/MATs/music_mat_wl4_GarlandEncyclopedia/05 Lam Sing Repartee Song (Northeast Thailand)_MS2024.mat,05 Lam Sing Repartee Song (Northeast Thailand),,world
159,data/musicCorp/GarlandEncyclopedia/22 Festival De La Virgen Del Carmen (Patronal Festival Dedicated To The Virgin Of Carmen).mp3,22 Festival De La Virgen Del Carmen (Patronal Festival Dedicated To The Virgin Of Carmen),,1,1,3880800,44.1,88,0.18510204081632653,88,GarlandEncyclopedia,STM_output/MATs/music_mat_wl4_GarlandEncyclopedia/22 Festival De La Virgen Del Carmen (Patronal Festival Dedicated To The Virgin Of Carmen)_MS2024.mat,22 Festival De La Virgen Del Carmen (Patronal Festival Dedicated To The Virgin Of Carmen),,world
160,"data/musicCorp/GarlandEncyclopedia/39 _Koumen Non K_ale Fe,_ Koutoumba Music.mp3","39 _Koumen Non K_ale Fe,_ Koutoumba Music",,1,1,3880800,44.1,88,0.2701133786848073,88,GarlandEncyclopedia,"STM_output/MATs/music_mat_wl4_GarlandEncyclopedia/39 _Koumen Non K_ale Fe,_ Koutoumba Music_MS2024.mat","39 _Koumen Non K_ale Fe,_ Koutoumba Music",,world
161,"data/musicCorp/GarlandEncyclopedia/04 Warao Male Hoarotu Shaman_s Curing Song, Excerpt.mp3","04 Warao Male Hoarotu Shaman_s Curing Song, Excerpt",,1,1,4586400,44.1,104,0.737437641723356,96,GarlandEncyclopedia,"STM_output/MATs/music_mat_wl4_GarlandEncyclopedia/04 Warao Male Hoarotu Shaman_s Curing Song, Excerpt_MS2024.mat","04 Warao Male Hoarotu Shaman_s Curing Song, Excerpt",,world
162,data/musicCorp/GarlandEncyclopedia/30 Mosaic.mp3,30 Mosaic,,0,1,5644800,44.1,128,0.5524716553287982,120,GarlandEncyclopedia,STM_output/MATs/music_mat_wl4_GarlandEncyclopedia/30 Mosaic_MS2024.mat,30 Mosaic,,world
163,data/musicCorp/GarlandEncyclopedia/11 Folia De Reis (Folia Of The Magi).mp3,11 Folia De Reis (Folia Of The Magi),,1,1,4939200,44.1,112,0.26691609977324265,112,GarlandEncyclopedia,STM_output/MATs/music_mat_wl4_GarlandEncyclopedia/11 Folia De Reis (Folia Of The Magi)_MS2024.mat,11 Folia De Reis (Folia Of The Magi),,world
164,data/musicCorp/GarlandEncyclopedia/10 Subhaga Varana Tana.mp3,10 Subhaga Varana Tana,,1,1,5292000,44.1,120,0.9816326530612245,120,GarlandEncyclopedia,STM_output/MATs/music_mat_wl4_GarlandEncyclopedia/10 Subhaga Varana Tana_MS2024.mat,10 Subhaga Varana Tana,,world
165,"data/musicCorp/GarlandEncyclopedia/24 _Quien A Visto Aquel Volcan (_Whoever Has Seen This Volcano_ [El Misti]), Yaravi From Puquina, Arequipa.mp3","24 _Quien A Visto Aquel Volcan (_Whoever Has Seen This Volcano_ [El Misti]), Yaravi From Puquina, Arequipa",,0,1,5292000,44.1,120,0.2861224489795918,120,GarlandEncyclopedia,"STM_output/MATs/music_mat_wl4_GarlandEncyclopedia/24 _Quien A Visto Aquel Volcan (_Whoever Has Seen This Volcano_ [El Misti]), Yaravi From Puquina, Arequipa_MS2024.mat","24 _Quien A Visto Aquel Volcan (_Whoever Has Seen This Volcano_ [El Misti]), Yaravi From Puquina, Arequipa",,world
166,"data/musicCorp/GarlandEncyclopedia/42 _Nunnwey_ Yapese Sitting Men_s Dance (Parubut_, Par U Buut, Par-Nga-But).mp3","42 _Nunnwey_ Yapese Sitting Men_s Dance (Parubut_, Par U Buut, Par-Nga-But)",,1,1,4762800,44.1,108,0.6560090702947846,108,GarlandEncyclopedia,"STM_output/MATs/music_mat_wl4_GarlandEncyclopedia/42 _Nunnwey_ Yapese Sitting Men_s Dance (Parubut_, Par U Buut, Par-Nga-But)_MS2024.mat","42 _Nunnwey_ Yapese Sitting Men_s Dance (Parubut_, Par U Buut, Par-Nga-But)",,world
167,data/musicCorp/GarlandEncyclopedia/09 Khap Repartee Singing (Upland Vietnam).mp3,09 Khap Repartee Singing (Upland Vietnam),,1,1,5292000,44.1,120,0.4301360544217687,120,GarlandEncyclopedia,STM_output/MATs/music_mat_wl4_GarlandEncyclopedia/09 Khap Repartee Singing (Upland Vietnam)_MS2024.mat,09 Khap Repartee Singing (Upland Vietnam),,world
168,data/musicCorp/GarlandEncyclopedia/21 Yemeni Vocal Music With Copper-Plate Percussion.mp3,21 Yemeni Vocal Music With Copper-Plate Percussion,,1,1,5468400,44.1,124,0.8487301587301588,120,GarlandEncyclopedia,STM_output/MATs/music_mat_wl4_GarlandEncyclopedia/21 Yemeni Vocal Music With Copper-Plate Percussion_MS2024.mat,21 Yemeni Vocal Music With Copper-Plate Percussion,,world
169,data/musicCorp/GarlandEncyclopedia/17 Samoan Men_s Body-Percussion Dance (Fa_ Ataupati).mp3,17 Samoan Men_s Body-Percussion Dance (Fa_ Ataupati),,1,1,1234800,44.1,28,0.44657596371882086,28,GarlandEncyclopedia,STM_output/MATs/music_mat_wl4_GarlandEncyclopedia/17 Samoan Men_s Body-Percussion Dance (Fa_ Ataupati)_MS2024.mat,17 Samoan Men_s Body-Percussion Dance (Fa_ Ataupati),,world
170,"data/musicCorp/GarlandEncyclopedia/15 Villuppattu, Tamil.mp3","15 Villuppattu, Tamil",,1,1,4586400,44.1,104,0.38068027210884353,100,GarlandEncyclopedia,"STM_output/MATs/music_mat_wl4_GarlandEncyclopedia/15 Villuppattu, Tamil_MS2024.mat","15 Villuppattu, Tamil",,world
171,data/musicCorp/GarlandEncyclopedia/8-28 Belarus Harvest Song.mp3,8-28 Belarus Harvest Song,,1,1,2293200,44.1,52,0.5524716553287982,48,GarlandEncyclopedia,STM_output/MATs/music_mat_wl4_GarlandEncyclopedia/8-28 Belarus Harvest Song_MS2024.mat,8-28 Belarus Harvest Song,,world
172,data/musicCorp/GarlandEncyclopedia/22 Ghatu Dance Drama Song Of The Gurungs Of Nepal.mp3,22 Ghatu Dance Drama Song Of The Gurungs Of Nepal,,1,1,5292000,44.1,120,0.2548072562358277,120,GarlandEncyclopedia,STM_output/MATs/music_mat_wl4_GarlandEncyclopedia/22 Ghatu Dance Drama Song Of The Gurungs Of Nepal_MS2024.mat,22 Ghatu Dance Drama Song Of The Gurungs Of Nepal,,world
173,data/musicCorp/GarlandEncyclopedia/27 Acadian Dance.mp3,27 Acadian Dance,,0,1,2469600,44.1,56,0.9065079365079365,56,GarlandEncyclopedia,STM_output/MATs/music_mat_wl4_GarlandEncyclopedia/27 Acadian Dance_MS2024.mat,27 Acadian Dance,,world
174,data/musicCorp/GarlandEncyclopedia/23 Lam Khon Savane.mp3,23 Lam Khon Savane,,1,1,5468400,44.1,124,0.14598639455782314,120,GarlandEncyclopedia,STM_output/MATs/music_mat_wl4_GarlandEncyclopedia/23 Lam Khon Savane_MS2024.mat,23 Lam Khon Savane,,world
175,data/musicCorp/GarlandEncyclopedia/19 BaAke Pygmy Song (Dzanga).mp3,19 BaAke Pygmy Song (Dzanga),,1,1,5292000,44.1,120,0.6309977324263039,120,GarlandEncyclopedia,STM_output/MATs/music_mat_wl4_GarlandEncyclopedia/19 BaAke Pygmy Song (Dzanga)_MS2024.mat,19 BaAke Pygmy Song (Dzanga),,world
176,data/musicCorp/GarlandEncyclopedia/8-39 Albanian Urban Song.mp3,8-39 Albanian Urban Song,,1,1,5292000,44.1,120,0.0674829931972789,120,GarlandEncyclopedia,STM_output/MATs/music_mat_wl4_GarlandEncyclopedia/8-39 Albanian Urban Song_MS2024.mat,8-39 Albanian Urban Song,,world
177,data/musicCorp/GarlandEncyclopedia/8-26 Hangarian Song With Violin And Struck Cello.mp3,8-26 Hangarian Song With Violin And Struck Cello,,1,1,3528000,44.1,80,0.1364625850340136,76,GarlandEncyclopedia,STM_output/MATs/music_mat_wl4_GarlandEncyclopedia/8-26 Hangarian Song With Violin And Struck Cello_MS2024.mat,8-26 Hangarian Song With Violin And Struck Cello,,world
178,data/musicCorp/GarlandEncyclopedia/31 Komun_go Sanjo_ Part Of First Movement.mp3,31 Komun_go Sanjo_ Part Of First Movement,,0,1,5115600,44.1,116,0.9268707482993197,112,GarlandEncyclopedia,STM_output/MATs/music_mat_wl4_GarlandEncyclopedia/31 Komun_go Sanjo_ Part Of First Movement_MS2024.mat,31 Komun_go Sanjo_ Part Of First Movement,,world
179,data/musicCorp/GarlandEncyclopedia/30 Music At A Waina Ida.mp3,30 Music At A Waina Ida,,0,1,4939200,44.1,112,0.5602721088435374,108,GarlandEncyclopedia,STM_output/MATs/music_mat_wl4_GarlandEncyclopedia/30 Music At A Waina Ida_MS2024.mat,30 Music At A Waina Ida,,world
180,"data/musicCorp/GarlandEncyclopedia/01 Bara Khyal In Rag Kamod, Ektal. Hindustan.mp3","01 Bara Khyal In Rag Kamod, Ektal. Hindustan",,1,1,5292000,44.1,120,0.4627891156462585,120,GarlandEncyclopedia,"STM_output/MATs/music_mat_wl4_GarlandEncyclopedia/01 Bara Khyal In Rag Kamod, Ektal. Hindustan_MS2024.mat","01 Bara Khyal In Rag Kamod, Ektal. Hindustan",,world
181,data/musicCorp/GarlandEncyclopedia/8-38 Macedonian_ Rom (Gypsy Dance).mp3,8-38 Macedonian_ Rom (Gypsy Dance),,0,1,5292000,44.1,120,0.0746938775510204,120,GarlandEncyclopedia,STM_output/MATs/music_mat_wl4_GarlandEncyclopedia/8-38 Macedonian_ Rom (Gypsy Dance)_MS2024.mat,8-38 Macedonian_ Rom (Gypsy Dance),,world
182,"data/musicCorp/GarlandEncyclopedia/32 _El Corredizo_ (Refers To Running, Moving).mp3","32 _El Corredizo_ (Refers To Running, Moving)",,0,1,4233600,44.1,96,0.25258503401360544,92,GarlandEncyclopedia,"STM_output/MATs/music_mat_wl4_GarlandEncyclopedia/32 _El Corredizo_ (Refers To Running, Moving)_MS2024.mat","32 _El Corredizo_ (Refers To Running, Moving)",,world
183,data/musicCorp/GarlandEncyclopedia/01 The Sound Of Frogs (Thailand).mp3,01 The Sound Of Frogs (Thailand),,0,1,5468400,44.1,124,0.5114512471655329,120,GarlandEncyclopedia,STM_output/MATs/music_mat_wl4_GarlandEncyclopedia/01 The Sound Of Frogs (Thailand)_MS2024.mat,01 The Sound Of Frogs (Thailand),,world
184,data/musicCorp/GarlandEncyclopedia/8-34 Croatian Club Song.mp3,8-34 Croatian Club Song,,1,1,5292000,44.1,120,0.09990929705215419,120,GarlandEncyclopedia,STM_output/MATs/music_mat_wl4_GarlandEncyclopedia/8-34 Croatian Club Song_MS2024.mat,8-34 Croatian Club Song,,world
185,"data/musicCorp/GarlandEncyclopedia/32 Baul Song Of Bangladesh, _Kanchar Bhita Achin Pakhi_ _Human Soul--A Mysterious.mp3","32 Baul Song Of Bangladesh, _Kanchar Bhita Achin Pakhi_ _Human Soul--A Mysterious",,1,1,5115600,44.1,116,0.6288208616780046,116,GarlandEncyclopedia,"STM_output/MATs/music_mat_wl4_GarlandEncyclopedia/32 Baul Song Of Bangladesh, _Kanchar Bhita Achin Pakhi_ _Human Soul--A Mysterious_MS2024.mat","32 Baul Song Of Bangladesh, _Kanchar Bhita Achin Pakhi_ _Human Soul--A Mysterious",,world
186,data/musicCorp/GarlandEncyclopedia/34 Urtyn Duu _Long-Song_.mp3,34 Urtyn Duu _Long-Song_,,1,1,5292000,44.1,120,0.19954648526077098,120,GarlandEncyclopedia,STM_output/MATs/music_mat_wl4_GarlandEncyclopedia/34 Urtyn Duu _Long-Song__MS2024.mat,34 Urtyn Duu _Long-Song_,,world
187,data/musicCorp/GarlandEncyclopedia/8-09 Ireland_ Old-Style.mp3,8-09 Ireland_ Old-Style,,1,1,5468400,44.1,124,0.7756916099773242,120,GarlandEncyclopedia,STM_output/MATs/music_mat_wl4_GarlandEncyclopedia/8-09 Ireland_ Old-Style_MS2024.mat,8-09 Ireland_ Old-Style,,world
188,data/musicCorp/GarlandEncyclopedia/8-17 Low Countries.mp3,8-17 Low Countries,,0,1,2293200,44.1,52,0.13231292517006804,48,GarlandEncyclopedia,STM_output/MATs/music_mat_wl4_GarlandEncyclopedia/8-17 Low Countries_MS2024.mat,8-17 Low Countries,,world
189,"data/musicCorp/GarlandEncyclopedia/01 Yanomamo Male Shaman_s Curing Song, Excerpt.mp3","01 Yanomamo Male Shaman_s Curing Song, Excerpt",,1,1,3880800,44.1,88,0.3847392290249433,84,GarlandEncyclopedia,"STM_output/MATs/music_mat_wl4_GarlandEncyclopedia/01 Yanomamo Male Shaman_s Curing Song, Excerpt_MS2024.mat","01 Yanomamo Male Shaman_s Curing Song, Excerpt",,world
190,data/musicCorp/GarlandEncyclopedia/17 Motike.mp3,17 Motike,,1,1,5292000,44.1,120,0.5067800453514739,120,GarlandEncyclopedia,STM_output/MATs/music_mat_wl4_GarlandEncyclopedia/17 Motike_MS2024.mat,17 Motike,,world
191,"data/musicCorp/GarlandEncyclopedia/06 _Kulwa_ (Kupla, Cobla).mp3","06 _Kulwa_ (Kupla, Cobla)",,0,1,3351600,44.1,76,0.2566893424036281,76,GarlandEncyclopedia,"STM_output/MATs/music_mat_wl4_GarlandEncyclopedia/06 _Kulwa_ (Kupla, Cobla)_MS2024.mat","06 _Kulwa_ (Kupla, Cobla)",,world
192,data/musicCorp/GarlandEncyclopedia/28 Persian Classical Music.mp3,28 Persian Classical Music,,0,1,5468400,44.1,124,0.3810204081632653,120,GarlandEncyclopedia,STM_output/MATs/music_mat_wl4_GarlandEncyclopedia/28 Persian Classical Music_MS2024.mat,28 Persian Classical Music,,world
193,data/musicCorp/GarlandEncyclopedia/15 Daoist Funeral Rite.mp3,15 Daoist Funeral Rite,,1,1,5292000,44.1,120,0.4940816326530612,120,GarlandEncyclopedia,STM_output/MATs/music_mat_wl4_GarlandEncyclopedia/15 Daoist Funeral Rite_MS2024.mat,15 Daoist Funeral Rite,,world
194,data/musicCorp/GarlandEncyclopedia/18 Habaner Of The Savoyard.mp3,18 Habaner Of The Savoyard,,1,1,5292000,44.1,120,0.580249433106576,120,GarlandEncyclopedia,STM_output/MATs/music_mat_wl4_GarlandEncyclopedia/18 Habaner Of The Savoyard_MS2024.mat,18 Habaner Of The Savoyard,,world
195,data/musicCorp/GarlandEncyclopedia/8-01 Jewish Instrumental Melodies.mp3,8-01 Jewish Instrumental Melodies,,0,1,5292000,44.1,120,0.6972789115646258,120,GarlandEncyclopedia,STM_output/MATs/music_mat_wl4_GarlandEncyclopedia/8-01 Jewish Instrumental Melodies_MS2024.mat,8-01 Jewish Instrumental Melodies,,world
196,"data/musicCorp/GarlandEncyclopedia/24 Buddhist Ritual Music And Chant In Honor Of A-Phyi, Ladakh.mp3","24 Buddhist Ritual Music And Chant In Honor Of A-Phyi, Ladakh",,1,1,5115600,44.1,116,0.39040816326530614,116,GarlandEncyclopedia,"STM_output/MATs/music_mat_wl4_GarlandEncyclopedia/24 Buddhist Ritual Music And Chant In Honor Of A-Phyi, Ladakh_MS2024.mat","24 Buddhist Ritual Music And Chant In Honor Of A-Phyi, Ladakh",,world
197,data/musicCorp/GarlandEncyclopedia/8-06 England_ Northumbrian Smallpipes.mp3,8-06 England_ Northumbrian Smallpipes,,0,1,5292000,44.1,120,0.13936507936507936,120,GarlandEncyclopedia,STM_output/MATs/music_mat_wl4_GarlandEncyclopedia/8-06 England_ Northumbrian Smallpipes_MS2024.mat,8-06 England_ Northumbrian Smallpipes,,world
198,data/musicCorp/GarlandEncyclopedia/09 Samoan Responsorial Dance-Song (Ma Ulu_ Ulu).mp3,09 Samoan Responsorial Dance-Song (Ma Ulu_ Ulu),,1,1,3351600,44.1,76,0.8343083900226758,76,GarlandEncyclopedia,STM_output/MATs/music_mat_wl4_GarlandEncyclopedia/09 Samoan Responsorial Dance-Song (Ma Ulu_ Ulu)_MS2024.mat,09 Samoan Responsorial Dance-Song (Ma Ulu_ Ulu),,world
199,data/musicCorp/GarlandEncyclopedia/27 Persian Narrative Song.mp3,27 Persian Narrative Song,,1,1,2469600,44.1,56,0.6309297052154195,56,GarlandEncyclopedia,STM_output/MATs/music_mat_wl4_GarlandEncyclopedia/27 Persian Narrative Song_MS2024.mat,27 Persian Narrative Song,,world
200,data/musicCorp/GarlandEncyclopedia/08 Yemeni Drumming From The Tihama.mp3,08 Yemeni Drumming From The Tihama,,0,1,2822400,44.1,64,0.968140589569161,64,GarlandEncyclopedia,STM_output/MATs/music_mat_wl4_GarlandEncyclopedia/08 Yemeni Drumming From The Tihama_MS2024.mat,08 Yemeni Drumming From The Tihama,,world
201,"data/musicCorp/GarlandEncyclopedia/16 Heavenly Father, Lead Us.mp3","16 Heavenly Father, Lead Us",,1,1,5292000,44.1,120,0.44900226757369616,120,GarlandEncyclopedia,"STM_output/MATs/music_mat_wl4_GarlandEncyclopedia/16 Heavenly Father, Lead Us_MS2024.mat","16 Heavenly Father, Lead Us",,world
202,data/musicCorp/GarlandEncyclopedia/18 Aeyo Veedeo Anda Maganay.mp3,18 Aeyo Veedeo Anda Maganay,,1,1,4057200,44.1,92,0.2384126984126984,88,GarlandEncyclopedia,STM_output/MATs/music_mat_wl4_GarlandEncyclopedia/18 Aeyo Veedeo Anda Maganay_MS2024.mat,18 Aeyo Veedeo Anda Maganay,,world
203,data/musicCorp/GarlandEncyclopedia/40 New Caledonian Festal Dance-Song.mp3,40 New Caledonian Festal Dance-Song,,1,1,4233600,44.1,96,0.37873015873015875,96,GarlandEncyclopedia,STM_output/MATs/music_mat_wl4_GarlandEncyclopedia/40 New Caledonian Festal Dance-Song_MS2024.mat,40 New Caledonian Festal Dance-Song,,world
204,data/musicCorp/GarlandEncyclopedia/14 La Finada Pablita.mp3,14 La Finada Pablita,,1,1,5292000,44.1,120,0.6522448979591837,120,GarlandEncyclopedia,STM_output/MATs/music_mat_wl4_GarlandEncyclopedia/14 La Finada Pablita_MS2024.mat,14 La Finada Pablita,,world
205,data/musicCorp/GarlandEncyclopedia/32 Saskatchewan.mp3,32 Saskatchewan,,1,1,5292000,44.1,120,0.35984126984126985,120,GarlandEncyclopedia,STM_output/MATs/music_mat_wl4_GarlandEncyclopedia/32 Saskatchewan_MS2024.mat,32 Saskatchewan,,world
206,"data/musicCorp/GarlandEncyclopedia/04 Raga Sankarabharana, Karnatak.mp3","04 Raga Sankarabharana, Karnatak",,1,1,5292000,44.1,120,0.4262358276643991,116,GarlandEncyclopedia,"STM_output/MATs/music_mat_wl4_GarlandEncyclopedia/04 Raga Sankarabharana, Karnatak_MS2024.mat","04 Raga Sankarabharana, Karnatak",,world
207,data/musicCorp/GarlandEncyclopedia/8-33 Slovenian Polka.mp3,8-33 Slovenian Polka,,0,1,2646000,44.1,60,0.8535374149659863,60,GarlandEncyclopedia,STM_output/MATs/music_mat_wl4_GarlandEncyclopedia/8-33 Slovenian Polka_MS2024.mat,8-33 Slovenian Polka,,world
208,data/musicCorp/GarlandEncyclopedia/20 Guangyin-Axihshang.mp3,20 Guangyin-Axihshang,,1,1,5292000,44.1,120,0.7212471655328798,120,GarlandEncyclopedia,STM_output/MATs/music_mat_wl4_GarlandEncyclopedia/20 Guangyin-Axihshang_MS2024.mat,20 Guangyin-Axihshang,,world
209,"data/musicCorp/GarlandEncyclopedia/05 _Leovae, Le Atua Le Afio I Luga_ Samoan Protestant Hymn (Pese Lotu).mp3","05 _Leovae, Le Atua Le Afio I Luga_ Samoan Protestant Hymn (Pese Lotu)",,1,1,5292000,44.1,120,0.5235147392290249,120,GarlandEncyclopedia,"STM_output/MATs/music_mat_wl4_GarlandEncyclopedia/05 _Leovae, Le Atua Le Afio I Luga_ Samoan Protestant Hymn (Pese Lotu)_MS2024.mat","05 _Leovae, Le Atua Le Afio I Luga_ Samoan Protestant Hymn (Pese Lotu)",,world
210,data/musicCorp/GarlandEncyclopedia/33 Gigi Pada Song Of Northern Karnataka.mp3,33 Gigi Pada Song Of Northern Karnataka,,1,1,5292000,44.1,120,0.25145124716553285,116,GarlandEncyclopedia,STM_output/MATs/music_mat_wl4_GarlandEncyclopedia/33 Gigi Pada Song Of Northern Karnataka_MS2024.mat,33 Gigi Pada Song Of Northern Karnataka,,world
211,data/musicCorp/GarlandEncyclopedia/07 Anlo-Ewe Kinka Songs.mp3,07 Anlo-Ewe Kinka Songs,,1,1,5292000,44.1,120,0.6866893424036281,120,GarlandEncyclopedia,STM_output/MATs/music_mat_wl4_GarlandEncyclopedia/07 Anlo-Ewe Kinka Songs_MS2024.mat,07 Anlo-Ewe Kinka Songs,,world
212,data/musicCorp/GarlandEncyclopedia/04 Manihiki Polyphonic Hymn (Himene Tuki Tapu).mp3,04 Manihiki Polyphonic Hymn (Himene Tuki Tapu),,1,1,5292000,44.1,120,0.4619501133786848,120,GarlandEncyclopedia,STM_output/MATs/music_mat_wl4_GarlandEncyclopedia/04 Manihiki Polyphonic Hymn (Himene Tuki Tapu)_MS2024.mat,04 Manihiki Polyphonic Hymn (Himene Tuki Tapu),,world
213,data/musicCorp/GarlandEncyclopedia/38 Afro-Martinican Street Music.mp3,38 Afro-Martinican Street Music,,1,1,5292000,44.1,120,0.24229024943310656,120,GarlandEncyclopedia,STM_output/MATs/music_mat_wl4_GarlandEncyclopedia/38 Afro-Martinican Street Music_MS2024.mat,38 Afro-Martinican Street Music,,world
214,data/musicCorp/GarlandEncyclopedia/13 In The Pines.mp3,13 In The Pines,,1,1,5292000,44.1,120,0.7356689342403628,120,GarlandEncyclopedia,STM_output/MATs/music_mat_wl4_GarlandEncyclopedia/13 In The Pines_MS2024.mat,13 In The Pines,,world
215,data/musicCorp/GarlandEncyclopedia/23 Oboe And Kettledrum Music For Archery In ALadakh.mp3,23 Oboe And Kettledrum Music For Archery In ALadakh,,0,1,4586400,44.1,104,0.25945578231292515,100,GarlandEncyclopedia,STM_output/MATs/music_mat_wl4_GarlandEncyclopedia/23 Oboe And Kettledrum Music For Archery In ALadakh_MS2024.mat,23 Oboe And Kettledrum Music For Archery In ALadakh,,world
216,data/musicCorp/GarlandEncyclopedia/07 Yemeni Drumming From The Hadramawt.mp3,07 Yemeni Drumming From The Hadramawt,,0,1,3528000,44.1,80,0.8021768707482994,80,GarlandEncyclopedia,STM_output/MATs/music_mat_wl4_GarlandEncyclopedia/07 Yemeni Drumming From The Hadramawt_MS2024.mat,07 Yemeni Drumming From The Hadramawt,,world
217,data/musicCorp/GarlandEncyclopedia/12 Turaeg Tacemba Song.mp3,12 Turaeg Tacemba Song,,1,1,4233600,44.1,96,0.28467120181405897,92,GarlandEncyclopedia,STM_output/MATs/music_mat_wl4_GarlandEncyclopedia/12 Turaeg Tacemba Song_MS2024.mat,12 Turaeg Tacemba Song,,world
218,data/musicCorp/GarlandEncyclopedia/8-19 Portugal.mp3,8-19 Portugal,,1,1,4762800,44.1,108,0.991156462585034,100,GarlandEncyclopedia,STM_output/MATs/music_mat_wl4_GarlandEncyclopedia/8-19 Portugal_MS2024.mat,8-19 Portugal,,world
219,data/musicCorp/GarlandEncyclopedia/15 Asi Se Baila En Tejas.mp3,15 Asi Se Baila En Tejas,,0,1,4233600,44.1,96,0.3461451247165533,92,GarlandEncyclopedia,STM_output/MATs/music_mat_wl4_GarlandEncyclopedia/15 Asi Se Baila En Tejas_MS2024.mat,15 Asi Se Baila En Tejas,,world
220,"data/musicCorp/GarlandEncyclopedia/21 Sufyana Musiqi, Kashmir.mp3","21 Sufyana Musiqi, Kashmir",,1,1,4939200,44.1,112,0.4759637188208617,108,GarlandEncyclopedia,"STM_output/MATs/music_mat_wl4_GarlandEncyclopedia/21 Sufyana Musiqi, Kashmir_MS2024.mat","21 Sufyana Musiqi, Kashmir",,world
221,data/musicCorp/GarlandEncyclopedia/06 Yemeni Highland Drumming.mp3,06 Yemeni Highland Drumming,,0,1,1411200,44.1,32,0.44378684807256236,32,GarlandEncyclopedia,STM_output/MATs/music_mat_wl4_GarlandEncyclopedia/06 Yemeni Highland Drumming_MS2024.mat,06 Yemeni Highland Drumming,,world
222,data/musicCorp/GarlandEncyclopedia/04 True Life Blues.mp3,04 True Life Blues,,1,1,5292000,44.1,120,0.36471655328798186,120,GarlandEncyclopedia,STM_output/MATs/music_mat_wl4_GarlandEncyclopedia/04 True Life Blues_MS2024.mat,04 True Life Blues,,world
223,data/musicCorp/GarlandEncyclopedia/8-20 Flamenco.mp3,8-20 Flamenco,,1,1,5292000,44.1,120,0.3517006802721088,120,GarlandEncyclopedia,STM_output/MATs/music_mat_wl4_GarlandEncyclopedia/8-20 Flamenco_MS2024.mat,8-20 Flamenco,,world
224,data/musicCorp/GarlandEncyclopedia/10 Song Of Happiness.mp3,10 Song Of Happiness,,1,1,2998800,44.1,68,0.568843537414966,64,GarlandEncyclopedia,STM_output/MATs/music_mat_wl4_GarlandEncyclopedia/10 Song Of Happiness_MS2024.mat,10 Song Of Happiness,,world
225,data/musicCorp/GarlandEncyclopedia/07 Lichiwayu Notch Flutes.mp3,07 Lichiwayu Notch Flutes,,0,1,4233600,44.1,96,0.29750566893424035,92,GarlandEncyclopedia,STM_output/MATs/music_mat_wl4_GarlandEncyclopedia/07 Lichiwayu Notch Flutes_MS2024.mat,07 Lichiwayu Notch Flutes,,world
226,data/musicCorp/GarlandEncyclopedia/24 Kurdish Dance Songs.mp3,24 Kurdish Dance Songs,,1,1,5292000,44.1,120,0.49002267573696145,120,GarlandEncyclopedia,STM_output/MATs/music_mat_wl4_GarlandEncyclopedia/24 Kurdish Dance Songs_MS2024.mat,24 Kurdish Dance Songs,,world
227,"data/musicCorp/GarlandEncyclopedia/22 _Di Vozi_ (A Gasping Man Climbs The Hill), Piece For Two Large Friction Blocks.mp3","22 _Di Vozi_ (A Gasping Man Climbs The Hill), Piece For Two Large Friction Blocks",,0,1,882000,44.1,20,0.0035374149659863946,12,GarlandEncyclopedia,"STM_output/MATs/music_mat_wl4_GarlandEncyclopedia/22 _Di Vozi_ (A Gasping Man Climbs The Hill), Piece For Two Large Friction Blocks_MS2024.mat","22 _Di Vozi_ (A Gasping Man Climbs The Hill), Piece For Two Large Friction Blocks",,world
228,data/musicCorp/GarlandEncyclopedia/21 Manihiki.mp3,21 Manihiki,,1,1,5292000,44.1,120,0.4055328798185941,120,GarlandEncyclopedia,STM_output/MATs/music_mat_wl4_GarlandEncyclopedia/21 Manihiki_MS2024.mat,21 Manihiki,,world
229,"data/musicCorp/GarlandEncyclopedia/30 _Siquisiri,_ Son Jarocho.mp3","30 _Siquisiri,_ Son Jarocho",,1,1,5292000,44.1,120,0.24634920634920635,120,GarlandEncyclopedia,"STM_output/MATs/music_mat_wl4_GarlandEncyclopedia/30 _Siquisiri,_ Son Jarocho_MS2024.mat","30 _Siquisiri,_ Son Jarocho",,world
230,data/musicCorp/GarlandEncyclopedia/19 Song For Repairing Water Channels In Barley Fields.mp3,19 Song For Repairing Water Channels In Barley Fields,,1,1,4762800,44.1,108,0.9879365079365079,104,GarlandEncyclopedia,STM_output/MATs/music_mat_wl4_GarlandEncyclopedia/19 Song For Repairing Water Channels In Barley Fields_MS2024.mat,19 Song For Repairing Water Channels In Barley Fields,,world
231,data/musicCorp/GarlandEncyclopedia/27 Festival De San Juan (Patronal Festival Of Saint John).mp3,27 Festival De San Juan (Patronal Festival Of Saint John),,1,1,4586400,44.1,104,0.247437641723356,100,GarlandEncyclopedia,STM_output/MATs/music_mat_wl4_GarlandEncyclopedia/27 Festival De San Juan (Patronal Festival Of Saint John)_MS2024.mat,27 Festival De San Juan (Patronal Festival Of Saint John),,world
232,data/musicCorp/GarlandEncyclopedia/05 Raga Hamsanandi.mp3,05 Raga Hamsanandi,,0,1,4762800,44.1,108,0.5419954648526077,104,GarlandEncyclopedia,STM_output/MATs/music_mat_wl4_GarlandEncyclopedia/05 Raga Hamsanandi_MS2024.mat,05 Raga Hamsanandi,,world
233,data/musicCorp/GarlandEncyclopedia/09 Rgvedic recitation by Nambudiri Brahmins.mp3,09 Rgvedic recitation by Nambudiri Brahmins,,1,1,4233600,44.1,96,0.3823809523809524,92,GarlandEncyclopedia,STM_output/MATs/music_mat_wl4_GarlandEncyclopedia/09 Rgvedic recitation by Nambudiri Brahmins_MS2024.mat,09 Rgvedic recitation by Nambudiri Brahmins,,world
234,data/musicCorp/GarlandEncyclopedia/54 Rapa Nui Popular Song.mp3,54 Rapa Nui Popular Song,,0,1,2998800,44.1,68,0.7337188208616781,68,GarlandEncyclopedia,STM_output/MATs/music_mat_wl4_GarlandEncyclopedia/54 Rapa Nui Popular Song_MS2024.mat,54 Rapa Nui Popular Song,,world
235,data/musicCorp/GarlandEncyclopedia/04 Classical Persian.mp3,04 Classical Persian,,0,1,5997600,44.1,136,0.9550793650793651,120,GarlandEncyclopedia,STM_output/MATs/music_mat_wl4_GarlandEncyclopedia/04 Classical Persian_MS2024.mat,04 Classical Persian,,world
236,data/musicCorp/GarlandEncyclopedia/06 Anlo-Ewe Kinka Drumming.mp3,06 Anlo-Ewe Kinka Drumming,,1,1,5292000,44.1,120,0.45782312925170066,120,GarlandEncyclopedia,STM_output/MATs/music_mat_wl4_GarlandEncyclopedia/06 Anlo-Ewe Kinka Drumming_MS2024.mat,06 Anlo-Ewe Kinka Drumming,,world
237,data/musicCorp/GarlandEncyclopedia/8-21 Italian Ballad.mp3,8-21 Italian Ballad,,1,1,3351600,44.1,76,0.8453741496598639,76,GarlandEncyclopedia,STM_output/MATs/music_mat_wl4_GarlandEncyclopedia/8-21 Italian Ballad_MS2024.mat,8-21 Italian Ballad,,world
238,data/musicCorp/GarlandEncyclopedia/03 Turkish Classical.mp3,03 Turkish Classical,,0,1,5997600,44.1,136,0.6366439909297053,120,GarlandEncyclopedia,STM_output/MATs/music_mat_wl4_GarlandEncyclopedia/03 Turkish Classical_MS2024.mat,03 Turkish Classical,,world
239,data/musicCorp/GarlandEncyclopedia/14 Baganda Akadinda Song.mp3,14 Baganda Akadinda Song,,0,1,5292000,44.1,120,0.3466439909297052,120,GarlandEncyclopedia,STM_output/MATs/music_mat_wl4_GarlandEncyclopedia/14 Baganda Akadinda Song_MS2024.mat,14 Baganda Akadinda Song,,world
240,data/musicCorp/GarlandEncyclopedia/29 Sot Wedding Song Of Balochistan.mp3,29 Sot Wedding Song Of Balochistan,,1,1,5292000,44.1,120,0.2522902494331066,120,GarlandEncyclopedia,STM_output/MATs/music_mat_wl4_GarlandEncyclopedia/29 Sot Wedding Song Of Balochistan_MS2024.mat,29 Sot Wedding Song Of Balochistan,,world
241,data/musicCorp/GarlandEncyclopedia/01 Fijian Club Dance (Meke I Wau).mp3,01 Fijian Club Dance (Meke I Wau),,1,1,3351600,44.1,76,0.6307029478458049,72,GarlandEncyclopedia,STM_output/MATs/music_mat_wl4_GarlandEncyclopedia/01 Fijian Club Dance (Meke I Wau)_MS2024.mat,01 Fijian Club Dance (Meke I Wau),,world
242,data/musicCorp/GarlandEncyclopedia/8-11 Iceland_ Song.mp3,8-11 Iceland_ Song,,1,1,3528000,44.1,80,0.8609070294784581,76,GarlandEncyclopedia,STM_output/MATs/music_mat_wl4_GarlandEncyclopedia/8-11 Iceland_ Song_MS2024.mat,8-11 Iceland_ Song,,world
243,"data/musicCorp/GarlandEncyclopedia/35 _Dice Desidera Arias_ (_According To Desidera Arias_), Merengue.mp3","35 _Dice Desidera Arias_ (_According To Desidera Arias_), Merengue",,1,1,5292000,44.1,120,0.24448979591836734,120,GarlandEncyclopedia,"STM_output/MATs/music_mat_wl4_GarlandEncyclopedia/35 _Dice Desidera Arias_ (_According To Desidera Arias_), Merengue_MS2024.mat","35 _Dice Desidera Arias_ (_According To Desidera Arias_), Merengue",,world
244,data/musicCorp/GarlandEncyclopedia/14 Jodiya Pawa.mp3,14 Jodiya Pawa,,0,1,5292000,44.1,120,0.4204081632653061,120,GarlandEncyclopedia,STM_output/MATs/music_mat_wl4_GarlandEncyclopedia/14 Jodiya Pawa_MS2024.mat,14 Jodiya Pawa,,world
245,data/musicCorp/GarlandEncyclopedia/35 Dani Singing In Coordinate Monophony.mp3,35 Dani Singing In Coordinate Monophony,,1,1,4410000,44.1,100,0.47156462585034015,100,GarlandEncyclopedia,STM_output/MATs/music_mat_wl4_GarlandEncyclopedia/35 Dani Singing In Coordinate Monophony_MS2024.mat,35 Dani Singing In Coordinate Monophony,,world
246,data/musicCorp/GarlandEncyclopedia/12 Accompanied Cakepung Song _Pemungkah_ (Bali).mp3,12 Accompanied Cakepung Song _Pemungkah_ (Bali),,1,1,5292000,44.1,120,0.4863265306122449,120,GarlandEncyclopedia,STM_output/MATs/music_mat_wl4_GarlandEncyclopedia/12 Accompanied Cakepung Song _Pemungkah_ (Bali)_MS2024.mat,12 Accompanied Cakepung Song _Pemungkah_ (Bali),,world
247,data/musicCorp/GarlandEncyclopedia/03 Exhortation.mp3,03 Exhortation,,1,1,4233600,44.1,96,0.9117006802721088,92,GarlandEncyclopedia,STM_output/MATs/music_mat_wl4_GarlandEncyclopedia/03 Exhortation_MS2024.mat,03 Exhortation,,world
248,"data/musicCorp/GarlandEncyclopedia/31 _Amalihani,_ The Central Rite Of Ancestor Placation In A Garifuna Family Dugu Ceremony.mp3","31 _Amalihani,_ The Central Rite Of Ancestor Placation In A Garifuna Family Dugu Ceremony",,1,1,5292000,44.1,120,0.2454421768707483,120,GarlandEncyclopedia,"STM_output/MATs/music_mat_wl4_GarlandEncyclopedia/31 _Amalihani,_ The Central Rite Of Ancestor Placation In A Garifuna Family Dugu Ceremony_MS2024.mat","31 _Amalihani,_ The Central Rite Of Ancestor Placation In A Garifuna Family Dugu Ceremony",,world
249,data/musicCorp/GarlandEncyclopedia/10 _E Yo Yara Waya_ Chimbu Courtship Song (Kaungo).mp3,10 _E Yo Yara Waya_ Chimbu Courtship Song (Kaungo),,1,1,2293200,44.1,52,0.5421541950113379,52,GarlandEncyclopedia,STM_output/MATs/music_mat_wl4_GarlandEncyclopedia/10 _E Yo Yara Waya_ Chimbu Courtship Song (Kaungo)_MS2024.mat,10 _E Yo Yara Waya_ Chimbu Courtship Song (Kaungo),,world
250,data/musicCorp/GarlandEncyclopedia/16 Somali Caayar Excerpt 2.mp3,16 Somali Caayar Excerpt 2,,1,1,2822400,44.1,64,0.5718140589569161,60,GarlandEncyclopedia,STM_output/MATs/music_mat_wl4_GarlandEncyclopedia/16 Somali Caayar Excerpt 2_MS2024.mat,16 Somali Caayar Excerpt 2,,world
251,"data/musicCorp/GarlandEncyclopedia/03 Kao Shan Liu Shui [Gao Shan Liushui] _High Mountain, Flowing Stream_.mp3","03 Kao Shan Liu Shui [Gao Shan Liushui] _High Mountain, Flowing Stream_",,0,1,5292000,44.1,120,0.19151927437641722,116,GarlandEncyclopedia,"STM_output/MATs/music_mat_wl4_GarlandEncyclopedia/03 Kao Shan Liu Shui [Gao Shan Liushui] _High Mountain, Flowing Stream__MS2024.mat","03 Kao Shan Liu Shui [Gao Shan Liushui] _High Mountain, Flowing Stream_",,world
252,"data/musicCorp/GarlandEncyclopedia/02 Yakuana Male Shaman_s Curing Song, Excerpt.mp3","02 Yakuana Male Shaman_s Curing Song, Excerpt",,1,1,2822400,44.1,64,0.3440362811791383,60,GarlandEncyclopedia,"STM_output/MATs/music_mat_wl4_GarlandEncyclopedia/02 Yakuana Male Shaman_s Curing Song, Excerpt_MS2024.mat","02 Yakuana Male Shaman_s Curing Song, Excerpt",,world
253,"data/musicCorp/GarlandEncyclopedia/10 _Lunesta, Martesta_ (_Mondays, Tuesdays_).mp3","10 _Lunesta, Martesta_ (_Mondays, Tuesdays_)",,1,1,5292000,44.1,120,0.24365079365079365,120,GarlandEncyclopedia,"STM_output/MATs/music_mat_wl4_GarlandEncyclopedia/10 _Lunesta, Martesta_ (_Mondays, Tuesdays_)_MS2024.mat","10 _Lunesta, Martesta_ (_Mondays, Tuesdays_)",,world
254,data/musicCorp/GarlandEncyclopedia/23 Piece For Small Friction Block.mp3,23 Piece For Small Friction Block,,0,1,882000,44.1,20,0.7037868480725623,20,GarlandEncyclopedia,STM_output/MATs/music_mat_wl4_GarlandEncyclopedia/23 Piece For Small Friction Block_MS2024.mat,23 Piece For Small Friction Block,,world
255,data/musicCorp/GarlandEncyclopedia/19 Qurba _bagpipe_ Dance At A Wedding In Oman.mp3,19 Qurba _bagpipe_ Dance At A Wedding In Oman,,1,441001,5733000,44.1,120,0.002653061224489796,120,GarlandEncyclopedia,STM_output/MATs/music_mat_wl4_GarlandEncyclopedia/19 Qurba _bagpipe_ Dance At A Wedding In Oman_MS2024.mat,19 Qurba _bagpipe_ Dance At A Wedding In Oman,,world
256,data/musicCorp/GarlandEncyclopedia/24 Gending Erhu.mp3,24 Gending Erhu,,0,1,5292000,44.1,120,0.38709750566893425,120,GarlandEncyclopedia,STM_output/MATs/music_mat_wl4_GarlandEncyclopedia/24 Gending Erhu_MS2024.mat,24 Gending Erhu,,world
257,data/musicCorp/GarlandEncyclopedia/8-27 Russian Song With Balalaika.mp3,8-27 Russian Song With Balalaika,,1,1,3175200,44.1,72,0.08707482993197278,68,GarlandEncyclopedia,STM_output/MATs/music_mat_wl4_GarlandEncyclopedia/8-27 Russian Song With Balalaika_MS2024.mat,8-27 Russian Song With Balalaika,,world
258,data/musicCorp/GarlandEncyclopedia/20 Shona Munyonga Mbira Song.mp3,20 Shona Munyonga Mbira Song,,1,1,5292000,44.1,120,0.24798185941043083,120,GarlandEncyclopedia,STM_output/MATs/music_mat_wl4_GarlandEncyclopedia/20 Shona Munyonga Mbira Song_MS2024.mat,20 Shona Munyonga Mbira Song,,world
259,"data/musicCorp/GarlandEncyclopedia/26 Paraja Antiphonal Courtship Song, Orissa.mp3","26 Paraja Antiphonal Courtship Song, Orissa",,1,1,5292000,44.1,120,0.30882086167800454,120,GarlandEncyclopedia,"STM_output/MATs/music_mat_wl4_GarlandEncyclopedia/26 Paraja Antiphonal Courtship Song, Orissa_MS2024.mat","26 Paraja Antiphonal Courtship Song, Orissa",,world
260,"data/musicCorp/GarlandEncyclopedia/16 Lotus Pond, A Pleasant Place To Be.mp3","16 Lotus Pond, A Pleasant Place To Be",,1,1,5292000,44.1,120,0.3078004535147392,120,GarlandEncyclopedia,"STM_output/MATs/music_mat_wl4_GarlandEncyclopedia/16 Lotus Pond, A Pleasant Place To Be_MS2024.mat","16 Lotus Pond, A Pleasant Place To Be",,world
261,data/musicCorp/GarlandEncyclopedia/24 Sounds Of A Small Swung Slat.mp3,24 Sounds Of A Small Swung Slat,,0,1,1058400,44.1,24,0.6212471655328798,20,GarlandEncyclopedia,STM_output/MATs/music_mat_wl4_GarlandEncyclopedia/24 Sounds Of A Small Swung Slat_MS2024.mat,24 Sounds Of A Small Swung Slat,,world
262,data/musicCorp/GarlandEncyclopedia/12 Eastern Christian Chant.mp3,12 Eastern Christian Chant,,1,1,5821200,44.1,132,0.8715192743764172,120,GarlandEncyclopedia,STM_output/MATs/music_mat_wl4_GarlandEncyclopedia/12 Eastern Christian Chant_MS2024.mat,12 Eastern Christian Chant,,world
263,data/musicCorp/GarlandEncyclopedia/8-16 Latvia_ Song With Moveable Drone.mp3,8-16 Latvia_ Song With Moveable Drone,,1,1,2293200,44.1,52,0.3565079365079365,52,GarlandEncyclopedia,STM_output/MATs/music_mat_wl4_GarlandEncyclopedia/8-16 Latvia_ Song With Moveable Drone_MS2024.mat,8-16 Latvia_ Song With Moveable Drone,,world
264,data/musicCorp/GarlandEncyclopedia/18 Sounds Of A Huli Two-Stringed Musical Bow (Gawa).mp3,18 Sounds Of A Huli Two-Stringed Musical Bow (Gawa),,1,1,1411200,44.1,32,0.42793650793650795,28,GarlandEncyclopedia,STM_output/MATs/music_mat_wl4_GarlandEncyclopedia/18 Sounds Of A Huli Two-Stringed Musical Bow (Gawa)_MS2024.mat,18 Sounds Of A Huli Two-Stringed Musical Bow (Gawa),,world
265,data/musicCorp/GarlandEncyclopedia/8-23 Austrian Yodel.mp3,8-23 Austrian Yodel,,1,1,5292000,44.1,120,0.9602721088435374,120,GarlandEncyclopedia,STM_output/MATs/music_mat_wl4_GarlandEncyclopedia/8-23 Austrian Yodel_MS2024.mat,8-23 Austrian Yodel,,world
266,data/musicCorp/GarlandEncyclopedia/13 Tongan Coordinate Polyphony.mp3,13 Tongan Coordinate Polyphony,,1,1,4939200,44.1,112,0.926031746031746,96,GarlandEncyclopedia,STM_output/MATs/music_mat_wl4_GarlandEncyclopedia/13 Tongan Coordinate Polyphony_MS2024.mat,13 Tongan Coordinate Polyphony,,world
267,data/musicCorp/GarlandEncyclopedia/27 Mukaizi.mp3,27 Mukaizi,,0,1,5644800,44.1,128,0.974671201814059,120,GarlandEncyclopedia,STM_output/MATs/music_mat_wl4_GarlandEncyclopedia/27 Mukaizi_MS2024.mat,27 Mukaizi,,world
268,data/musicCorp/GarlandEncyclopedia/12 Mocambique.mp3,12 Mocambique,,1,1,3528000,44.1,80,0.7350340136054422,80,GarlandEncyclopedia,STM_output/MATs/music_mat_wl4_GarlandEncyclopedia/12 Mocambique_MS2024.mat,12 Mocambique,,world
269,data/musicCorp/GarlandEncyclopedia/12 Anutan Lament For A Father (Puatanga O Te Pa).mp3,12 Anutan Lament For A Father (Puatanga O Te Pa),,1,1,3175200,44.1,72,0.6607936507936508,72,GarlandEncyclopedia,STM_output/MATs/music_mat_wl4_GarlandEncyclopedia/12 Anutan Lament For A Father (Puatanga O Te Pa)_MS2024.mat,12 Anutan Lament For A Father (Puatanga O Te Pa),,world
270,data/musicCorp/GarlandEncyclopedia/28 Kumoi Rokudan _High-Pitched Melody_.mp3,28 Kumoi Rokudan _High-Pitched Melody_,,0,1,5292000,44.1,120,0.8683673469387755,120,GarlandEncyclopedia,STM_output/MATs/music_mat_wl4_GarlandEncyclopedia/28 Kumoi Rokudan _High-Pitched Melody__MS2024.mat,28 Kumoi Rokudan _High-Pitched Melody_,,world
271,data/musicCorp/GarlandEncyclopedia/18 BaAke Pygmy Song Makala.mp3,18 BaAke Pygmy Song Makala,,1,1,5292000,44.1,120,0.4777777777777778,120,GarlandEncyclopedia,STM_output/MATs/music_mat_wl4_GarlandEncyclopedia/18 BaAke Pygmy Song Makala_MS2024.mat,18 BaAke Pygmy Song Makala,,world
272,data/musicCorp/GarlandEncyclopedia/15 Santa Cruz Three-Line Strophic Song.mp3,15 Santa Cruz Three-Line Strophic Song,,1,1,1940400,44.1,44,0.0091156462585034,40,GarlandEncyclopedia,STM_output/MATs/music_mat_wl4_GarlandEncyclopedia/15 Santa Cruz Three-Line Strophic Song_MS2024.mat,15 Santa Cruz Three-Line Strophic Song,,world
273,data/musicCorp/GarlandEncyclopedia/13 Berber Women_s Wedding Song From The Anti-Atlas.mp3,13 Berber Women_s Wedding Song From The Anti-Atlas,,1,1,3528000,44.1,80,0.9343537414965987,80,GarlandEncyclopedia,STM_output/MATs/music_mat_wl4_GarlandEncyclopedia/13 Berber Women_s Wedding Song From The Anti-Atlas_MS2024.mat,13 Berber Women_s Wedding Song From The Anti-Atlas,,world
274,data/musicCorp/GarlandEncyclopedia/03 Classical Pinn Peat Dance Piece _Thep Monorom_ (Cambodia).mp3,03 Classical Pinn Peat Dance Piece _Thep Monorom_ (Cambodia),,1,1,5292000,44.1,120,0.39616780045351474,120,GarlandEncyclopedia,STM_output/MATs/music_mat_wl4_GarlandEncyclopedia/03 Classical Pinn Peat Dance Piece _Thep Monorom_ (Cambodia)_MS2024.mat,03 Classical Pinn Peat Dance Piece _Thep Monorom_ (Cambodia),,world
275,data/musicCorp/GarlandEncyclopedia/20 Sounds Of A Susap.mp3,20 Sounds Of A Susap,,0,1,3528000,44.1,80,0.5394104308390023,80,GarlandEncyclopedia,STM_output/MATs/music_mat_wl4_GarlandEncyclopedia/20 Sounds Of A Susap_MS2024.mat,20 Sounds Of A Susap,,world
276,data/musicCorp/GarlandEncyclopedia/34 Jewish-Yemenite Priests_ Blessing.mp3,34 Jewish-Yemenite Priests_ Blessing,,1,1,5292000,44.1,120,0.17147392290249433,120,GarlandEncyclopedia,STM_output/MATs/music_mat_wl4_GarlandEncyclopedia/34 Jewish-Yemenite Priests_ Blessing_MS2024.mat,34 Jewish-Yemenite Priests_ Blessing,,world
277,data/musicCorp/GarlandEncyclopedia/29 Arirang (Korean folk song).mp3,29 Arirang (Korean folk song),,1,1,4586400,44.1,104,0.05414965986394558,104,GarlandEncyclopedia,STM_output/MATs/music_mat_wl4_GarlandEncyclopedia/29 Arirang (Korean folk song)_MS2024.mat,29 Arirang (Korean folk song),,world
278,data/musicCorp/GarlandEncyclopedia/13 Shau See Yuen _The Search In The Schoolhouse_.mp3,13 Shau See Yuen _The Search In The Schoolhouse_,,1,1,5292000,44.1,120,0.8409297052154195,120,GarlandEncyclopedia,STM_output/MATs/music_mat_wl4_GarlandEncyclopedia/13 Shau See Yuen _The Search In The Schoolhouse__MS2024.mat,13 Shau See Yuen _The Search In The Schoolhouse_,,world
279,data/musicCorp/GarlandEncyclopedia/46 _Te Kaurea Ma Atuna_ Kiribati Secular Choral Song (Kuaea).mp3,46 _Te Kaurea Ma Atuna_ Kiribati Secular Choral Song (Kuaea),,1,1,3880800,44.1,88,0.44374149659863943,88,GarlandEncyclopedia,STM_output/MATs/music_mat_wl4_GarlandEncyclopedia/46 _Te Kaurea Ma Atuna_ Kiribati Secular Choral Song (Kuaea)_MS2024.mat,46 _Te Kaurea Ma Atuna_ Kiribati Secular Choral Song (Kuaea),,world
280,"data/musicCorp/GarlandEncyclopedia/29 Kazakh Epic Song, Zhyr.mp3","29 Kazakh Epic Song, Zhyr",,1,1,5292000,44.1,120,0.3766213151927438,120,GarlandEncyclopedia,"STM_output/MATs/music_mat_wl4_GarlandEncyclopedia/29 Kazakh Epic Song, Zhyr_MS2024.mat","29 Kazakh Epic Song, Zhyr",,world
281,data/musicCorp/GarlandEncyclopedia/8-36 Montenegro_ Muslin Albanian Circumcision Song.mp3,8-36 Montenegro_ Muslin Albanian Circumcision Song,,1,1,3351600,44.1,76,0.11215419501133787,76,GarlandEncyclopedia,STM_output/MATs/music_mat_wl4_GarlandEncyclopedia/8-36 Montenegro_ Muslin Albanian Circumcision Song_MS2024.mat,8-36 Montenegro_ Muslin Albanian Circumcision Song,,world
282,"data/musicCorp/GarlandEncyclopedia/06 Samoan Preformance Of The Gloria, An Oedinary Text Of The Mass.mp3","06 Samoan Preformance Of The Gloria, An Oedinary Text Of The Mass",,1,1,3351600,44.1,76,0.5028798185941044,72,GarlandEncyclopedia,"STM_output/MATs/music_mat_wl4_GarlandEncyclopedia/06 Samoan Preformance Of The Gloria, An Oedinary Text Of The Mass_MS2024.mat","06 Samoan Preformance Of The Gloria, An Oedinary Text Of The Mass",,world
283,data/musicCorp/GarlandEncyclopedia/15 Somali Caayar Excerpt 1.mp3,15 Somali Caayar Excerpt 1,,1,1,5292000,44.1,120,0.389750566893424,120,GarlandEncyclopedia,STM_output/MATs/music_mat_wl4_GarlandEncyclopedia/15 Somali Caayar Excerpt 1_MS2024.mat,15 Somali Caayar Excerpt 1,,world
284,data/musicCorp/GarlandEncyclopedia/8-37 Bosnian Lullaby.mp3,8-37 Bosnian Lullaby,,1,1,3704400,44.1,84,0.8329024943310658,72,GarlandEncyclopedia,STM_output/MATs/music_mat_wl4_GarlandEncyclopedia/8-37 Bosnian Lullaby_MS2024.mat,8-37 Bosnian Lullaby,,world
285,data/musicCorp/GarlandEncyclopedia/8-08 Scotland_ A Child Ballad _Barbara Allen_ [Child 84].mp3,8-08 Scotland_ A Child Ballad _Barbara Allen_ [Child 84],,1,1,5468400,44.1,124,0.783469387755102,120,GarlandEncyclopedia,STM_output/MATs/music_mat_wl4_GarlandEncyclopedia/8-08 Scotland_ A Child Ballad _Barbara Allen_ [Child 84]_MS2024.mat,8-08 Scotland_ A Child Ballad _Barbara Allen_ [Child 84],,world
286,data/musicCorp/GarlandEncyclopedia/18 Akatamak _The Beautiful White Neck_.mp3,18 Akatamak _The Beautiful White Neck_,,1,1,5292000,44.1,120,0.17453514739229026,120,GarlandEncyclopedia,STM_output/MATs/music_mat_wl4_GarlandEncyclopedia/18 Akatamak _The Beautiful White Neck__MS2024.mat,18 Akatamak _The Beautiful White Neck_,,world
287,data/musicCorp/GarlandEncyclopedia/08 Haste To The Wedding.mp3,08 Haste To The Wedding,,1,441001,2734200,44.1,52,0.17399092970521543,48,GarlandEncyclopedia,STM_output/MATs/music_mat_wl4_GarlandEncyclopedia/08 Haste To The Wedding_MS2024.mat,08 Haste To The Wedding,,world
288,data/musicCorp/GarlandEncyclopedia/8-22 Sardinia_ Serious Dance.mp3,8-22 Sardinia_ Serious Dance,,1,1,5292000,44.1,120,0.11489795918367347,120,GarlandEncyclopedia,STM_output/MATs/music_mat_wl4_GarlandEncyclopedia/8-22 Sardinia_ Serious Dance_MS2024.mat,8-22 Sardinia_ Serious Dance,,world
289,data/musicCorp/GarlandEncyclopedia/33 _Los Novios_ (_The Sweethearts_).mp3,33 _Los Novios_ (_The Sweethearts_),,0,1,5292000,44.1,120,0.2446031746031746,120,GarlandEncyclopedia,STM_output/MATs/music_mat_wl4_GarlandEncyclopedia/33 _Los Novios_ (_The Sweethearts_)_MS2024.mat,33 _Los Novios_ (_The Sweethearts_),,world
290,"data/musicCorp/GarlandEncyclopedia/17 Canto A Lo Pueta (_song Of The Poet_), Also Called Decima.mp3","17 Canto A Lo Pueta (_song Of The Poet_), Also Called Decima",,1,1,4762800,44.1,108,0.2526077097505669,104,GarlandEncyclopedia,"STM_output/MATs/music_mat_wl4_GarlandEncyclopedia/17 Canto A Lo Pueta (_song Of The Poet_), Also Called Decima_MS2024.mat","17 Canto A Lo Pueta (_song Of The Poet_), Also Called Decima",,world
291,data/musicCorp/GarlandEncyclopedia/39 Nissan Music For Masked Dancer.mp3,39 Nissan Music For Masked Dancer,,1,1,3528000,44.1,80,0.744671201814059,76,GarlandEncyclopedia,STM_output/MATs/music_mat_wl4_GarlandEncyclopedia/39 Nissan Music For Masked Dancer_MS2024.mat,39 Nissan Music For Masked Dancer,,world
292,"data/musicCorp/GarlandEncyclopedia/16 _Boa Noite Todo Povo_ (_Good Night Everyone_), A Maracatu Rural (Rural Maracatu).mp3","16 _Boa Noite Todo Povo_ (_Good Night Everyone_), A Maracatu Rural (Rural Maracatu)",,1,1,4762800,44.1,108,0.25532879818594106,104,GarlandEncyclopedia,"STM_output/MATs/music_mat_wl4_GarlandEncyclopedia/16 _Boa Noite Todo Povo_ (_Good Night Everyone_), A Maracatu Rural (Rural Maracatu)_MS2024.mat","16 _Boa Noite Todo Povo_ (_Good Night Everyone_), A Maracatu Rural (Rural Maracatu)",,world
293,data/musicCorp/GarlandEncyclopedia/08 _Walata Grande_.mp3,08 _Walata Grande_,,0,1,3528000,44.1,80,0.29863945578231293,80,GarlandEncyclopedia,STM_output/MATs/music_mat_wl4_GarlandEncyclopedia/08 _Walata Grande__MS2024.mat,08 _Walata Grande_,,world
294,"data/musicCorp/GarlandEncyclopedia/16 _Anawa, Anawa_ Kiribati Women_s Hip-Shaking Dance.mp3","16 _Anawa, Anawa_ Kiribati Women_s Hip-Shaking Dance",,1,1,3880800,44.1,88,0.7229931972789115,84,GarlandEncyclopedia,"STM_output/MATs/music_mat_wl4_GarlandEncyclopedia/16 _Anawa, Anawa_ Kiribati Women_s Hip-Shaking Dance_MS2024.mat","16 _Anawa, Anawa_ Kiribati Women_s Hip-Shaking Dance",,world
295,data/musicCorp/GarlandEncyclopedia/03 Pohnpei Kava-Poinding Rhythms (Sukusuk).mp3,03 Pohnpei Kava-Poinding Rhythms (Sukusuk),,0,1,5115600,44.1,116,0.65859410430839,108,GarlandEncyclopedia,STM_output/MATs/music_mat_wl4_GarlandEncyclopedia/03 Pohnpei Kava-Poinding Rhythms (Sukusuk)_MS2024.mat,03 Pohnpei Kava-Poinding Rhythms (Sukusuk),,world
